song_title,spotify_id,artist,year,popularity,genre,danceability,energy,key,loudness,mode,speechiness,acousticness,instrumentalness,liveness,valence,tempo,duration_ms,time_signature,word_count,reading_ease,polarity,subjectivity,followers,listeners,play_count,is_winner,is_nominee
Hit The Quan,4OjuzM3rTWp3q60mEldNSF,iLoveMemphis,2015,70,?,0.488,0.488,8,-8.253,1,0.362,0.000235,0,0.0488,0.624,160.018,181081,4,453,106.67,-0.065277778,0.419598765,45415,1291,3899,,
El Perdon (Forgiveness),4uNIeEAy1CRUHRJZRjTHRo,Nicky Jam & Enrique Iglesias,2015,65,?,0.719,0.719,8,-3.839,1,0.0357,0.256,0,0.0909,0.666,90.013,206667,4,?,?,?,?,733773,?,?,,
Never Forget You,6WLS56xiRrXjSm9RSdL3zD,Zara Larsson & MNEK,2015,93,?,0.732,0.732,11,-5.728,0,0.0457,0.00312,9.86E-06,0.269,0.292,145.992,213428,4,?,?,?,?,353776,?,?,,
I Got The Boy,6VZCuvHwk3xmjwgKga0bNi,Jana Kramer,2015,65,?,0.569,0.569,0,-5.954,1,0.0271,0.26,0,0.127,0.364,149.987,201013,4,232,102.61,?,?,91424,13678,57598,,
Love Myself,36phXHOKx8rO7CMp2vNX4x,Hailee Steinfeld,2015,76,pop,0.762,0.762,0,-6.737,0,0.0811,0.00296,0,0.435,0.282,122.91,218773,4,440,89.75,?,?,183783,109559,659133,,
"Me, Myself & I",?,G-Eazy x Bebe Rexha,?,87,Hip-Hop,0.686,0.686,0,-6.106,0,0.0869,0.0174,0,0.11,0.384,111.977,252142,252142,?,?,?,?,?,0,0,,
Noise,3tBSdTfZuCzgA2PfQrqKpk,Kenny Chesney,2016,75,pop,0.803,0.803,0,-4.064,1,0.0279,0.0081,0,0.0789,0.569,109.967,206533,4,276,97.2,-0.04,0.2,547062,3297,9665,,
Don't Let Me Down,?,The Chainsmokers Featuring Daya,2016,?,?,?,?,?,?,?,?,?,?,?,?,?,?,?,388,105.66,?,?,569979,85075,412248,,
No Sense,?,Justin Bieber Featuring Travi$ Scott,?,?,?,?,?,?,?,?,?,?,?,?,?,?,?,?,470,96.18,-0.060611111,0.375277778,5696905,40736,161452,,
Down In The DM,?,Yo Gotti Featuring Nicki Minaj,2016,?,?,?,?,?,?,?,?,?,?,?,?,?,?,?,433,114.45,-0.168343816,0.421802935,247950,23191,78623,,
I'll Show You,0SNIAtRCPVVLoGEPcuHSIc,Justin Bieber,2015,75,pop,0.611,0.611,9,-6.691,0,0.129,0.0427,6.28E-05,0.184,0.0679,191.447,199947,4,243,97.2,0.126605339,0.527362915,5696905,100751,561672,,
Jugg,?,Fetty Wap Featuring Monty,?,?,?,?,?,?,?,?,?,?,?,?,?,?,?,?,311,106.67,0.15,0.521428571,1379635,221,846,,
Every Breath You Take,4hZu7IefxrjzuoGjhWmhOu,Hannah Huston,?,29,?,0.464,0.464,4,-5.767,0,0.0309,0.426,0.00119,0.151,0.113,163.548,191693,4,262,84.34,-0.166541353,0.544360902,599,12,28,,
T-Shirt,1zWZvrk13cL8Sl3VLeG57F,Thomas Rhett,2015,78,?,0.857,0.857,2,-5.381,1,0.0397,0.0318,0,0.0212,0.757,95.996,227693,4,374,99.23,0.183688388,0.540121136,174846,6576,29312,,
Play No Games,?,Big Sean Featuring Chris Brown & Ty Dolla $ign,?,?,?,?,?,?,?,?,?,?,?,?,?,?,?,?,540,96.18,0.01679198,0.475125313,1356737,21944,79729,,
Back To Sleep,4wM4c5ly3GR4YYgWSePlSG,Chris Brown,2015,76,?,0.675,0.675,9,-6.308,0,0.213,0.119,0,0.483,0.794,92.832,267156,4,360,102.61,-0.083517574,0.488577098,3212604,20187,73814,,
Little More (Royalty),4lvQiZUhHgG8Oldd8S97hd,Chris Brown,2015,68,rnb,0.516,0.516,6,-8.088,1,0.035,0.0195,0,0.139,0.329,133.71,260453,4,366,84.68,0.294230769,0.503076923,3212605,4414,18238,,
7 Years,5kqIPrATaCc2LqxVWzQGbk,Lukas Graham,2016,96,pop,0.473,0.473,10,-5.829,1,0.0514,0.287,0,0.391,0.343,119.992,237300,4,428,85.69,0.059459459,0.470945946,537896,151503,1069031,,
Trap Queen,2d8JP84HNLKhmd6IYOoupQ,Fetty Wap,2014,82,Hip-Hop,0.873,0.873,7,-3.803,1,0.128,0.0244,0,0.354,0.808,148.075,222093,4,554,96.18,?,?,1379635,190502,1191607,,
We Are,?,Justin Bieber Featuring Nas,?,?,?,?,?,?,?,?,?,?,?,?,?,?,?,?,491,97.2,0.205803571,0.693824405,5696908,27057,89598,,
Exchange,43PuMrRfbyyuz4QpZ3oAwN,Bryson Tiller,2016,86,?,0.433,0.433,6,-10.598,1,0.185,0.108,0,0.135,0.272,160.14,194613,4,403,103.63,-0.074042418,0.482399494,583992,37455,169476,,
White Iverson,2N0NifjyXAdMOB4KBGvBJ6,Post Malone,2015,82,?,0.521,0.521,7,-8.732,1,0.0366,0.236,0,0.0802,0.324,130.071,255173,4,455,96.18,?,?,194067,67280,354704,,
Zero,0j4giTw6pwgbFEHwMm4VWe,Chris Brown,2015,67,?,0.792,0.792,1,-4.64,0,0.0706,0.0645,0,0.0703,0.834,122.003,213876,4,376,87.72,0.288712121,0.448484848,3212605,19609,120271,,
Best Friend,33JcUj9qQDayKswunZP9ar,Young Thug,2015,78,?,0.598,0.598,8,-5.534,1,0.0713,0.0358,0,0.358,0.424,127.029,213000,4,506,96.18,?,?,443119,21169,102064,,
No Problem,?,Chance The Rapper Featuring Lil Wayne & 2 Chainz,?,?,?,?,?,?,?,?,?,?,?,?,?,?,?,?,855,98.21,0.002062105,0.574866162,476652,9807,22771,,
Trust,00IH8ZjI9ZGB51WRX1Oesj,Justin Bieber,2015,66,?,0.487,0.487,7,-8.444,0,0.168,0.067,0,0.166,0.452,72.674,203613,3,373,98.21,0.44963066,0.494628255,5696908,33483,117906,,
Make Me Like You,2WIxwn8LZRI7knO1VbwdaE,Gwen Stefani,2016,68,pop,0.72,0.72,5,-4.702,0,0.0486,0.0334,1.00E-05,0.128,0.825,118.031,216947,4,528,104.64,?,?,413652,33413,257915,,
Hold Up,2vXniiJEKL8yOQbXCjlG8K,Beyonce,?,0,?,0.18,0.18,0,-19.741,1,0.0851,0.994,0.963,0.102,0.155,164.936,210000,4,640,96.18,?,?,4506739,0,0,,
Pop Style,?,Drake Featuring The Throne,?,?,Hip-Hop,?,?,?,?,?,?,?,?,?,?,?,?,?,408,95.17,?,?,5801307,52893,204104,,
Levels,6pf9datdAtxQj4EU8UYHSx,Nick Jonas,2014,68,pop,0.664,0.664,5,-4.667,1,0.437,0.0493,0,0.267,0.647,200.33,167693,4,298,88.74,0.362987013,0.519805195,569030,47713,282707,,
Hit The Quan,4OjuzM3rTWp3q60mEldNSF,iHeartMemphis,2016,70,?,0.488,0.488,8,-8.253,1,0.362,0.000235,0,0.0488,0.624,160.018,181081,4,453,106.67,-0.065277778,0.419598765,45416,86,447,,
Faithful,?,Drake Featuring Pimp C & dvsn,?,?,?,?,?,?,?,?,?,?,?,?,?,?,?,?,315,97.2,-0.126454248,0.497777778,5801307,12203,27618,,
About You,2ssYQKMqVUkoQgi02PmDPB,Trey Songz,2015,66,?,0.564,0.564,0,-4.066,0,0.0837,0.0959,0,0.26,0.692,204.002,196900,4,477,105.66,0.3109319,0.625089606,1218600,13212,47248,,
Try Everything,4THhG6r7WNnh5j8AtiUiSI,Shakira,2016,64,pop,0.614,0.614,1,-4.866,1,0.0304,0.0198,0,0.0903,0.536,115.481,196707,4,322,90.77,?,?,2132754,7867,51743,,
Bet You Can't Do It Like Me,?,DLOW,2015,?,?,?,?,?,?,?,?,?,?,?,?,?,?,?,332,105.66,0.117379969,0.344308343,11565,?,?,,
Saved,?,Ty Dolla $ign Featuring E-40,?,?,?,?,?,?,?,?,?,?,?,?,?,?,?,?,560,88.74,0.093504902,0.48627451,315551,367,1476,,
"John Cougar, John Deere, John 3:16",1MLiJQozVUdCCNudp1cDbn,Keith Urban,2015,70,?,0.777,0.777,0,-6.971,1,0.0997,0.0621,1.83E-06,0.0792,0.598,170.021,?,?,292,87.72,0.12987013,0.430672269,452710,16032,101788,,
Mr. Misunderstood,79dlQxvdsCDApoM8XChkpy,Eric Church,2015,74,?,0.802,0.802,7,-6.602,1,0.0429,0.0494,0,0.326,0.568,129.405,319240,4,?,?,?,?,547521,8085,31001,,
Might Be,7KLB6Jptw9wyQXkSLiO8qh,Luke Nasty,2016,73,?,0.782,0.782,9,-6.766,0,0.458,0.378,0,0.114,0.699,74.037,210704,4,448,107.69,0.128632479,0.553418803,3708,5562,11943,,
Love Yourself,50kpGaPAhYJ3sGmk6vplg0,Justin Bieber,2015,87,pop,0.376,0.376,4,-9.954,1,0.453,0.856,0,0.285,0.559,102.541,233720,4,471,94.15,?,?,5696908,183889,1578723,,
No Pressure,?,Justin Bieber Featuring Big Sean,?,?,?,?,?,?,?,?,?,?,?,?,?,?,?,?,591,98.21,0.114294733,0.536138167,5696908,47346,188711,,
Rockin' Around The Christmas Tree,09OojFvtrM9YRzRjnXqJjA,Brenda Lee,1958,34,oldies,0.641,0.641,8,-8.915,1,0.0386,0.568,0,0.224,0.831,141.002,126146,4,117,74.86,0.159090909,0.663636364,27192,279177,820018,,
Love Drought,?,Beyonce,2016,?,?,?,?,?,?,?,?,?,?,?,?,?,?,?,368,96.18,?,?,4506739,?,?,,
Daddy,?,PSY Featuring CL,?,?,?,?,?,?,?,?,?,?,?,?,?,?,?,?,456,124.61,?,?,747099,522,4734,,
Too Good,?,Drake Featuring Rihanna,?,?,?,?,?,?,?,?,?,?,?,?,?,?,?,?,535,106.67,0.291909722,0.475491453,5801308,34926,113560,,
Fast Car,?,Jonas Blue Featuring Dakota,2015,?,?,?,?,?,?,?,?,?,?,?,?,?,?,?,436,88.74,?,?,20209,4029,21453,,
Snapback,7I5fYc4qKJddht8Ozhqqdx,Old Dominion,2015,78,?,0.793,0.793,5,-3.577,1,0.0333,0.305,3.23E-06,0.1,0.672,100.991,206507,4,311,79.26,?,?,37864,6830,29398,,
I'm Sorry,1LWgoxKUgZIeodlLY7n3vA,Adam Wakefield,?,30,?,0.47,0.47,1,-4.655,1,0.0287,0.643,1.22E-06,0.111,0.292,139.904,208720,4,179,89.75,-0.09375,0.69375,292,12,58,,
Strip It Down,3PqpjQPv4ciXBsPBT6rRtm,Luke Bryan,2015,73,?,0.867,0.867,9,-3.563,1,0.0455,0.407,0,0.0829,0.732,137.958,241667,4,369,106.67,-0.086916485,0.277187627,1147103,12351,60373,,
New Romantics,1ANrGOhBxCQQssOZQrrVlt,Taylor Swift,2014,34,pop,0.919,0.919,7,-5.984,1,0.243,0.0182,0,0.12,0.264,121.998,217021,4,450,89.75,?,?,4381339,63826,1047088,,
Emperor's New Clothes,3px2rAPu74ltbkf9eZsZ8h,Panic! At The Disco,2016,77,indie,0.904,0.904,1,-4.947,1,0.0807,0.00302,0,0.0433,0.64,94.481,158667,4,301,89.75,?,?,1491693,45642,406951,,
Jam,?,"Kevin Gates Featuring Trey Songz, Ty Dolla $ign &  Jamie Foxx",?, Ty Dolla $ign &  Jamie Foxx,?,?,?,?,?,?,?,?,?,?,?,?,?,?, Ty Dolla $ign &  Jamie Foxx,641,103.63,-0.127692744,532802,54,198,,
The Sound Of Silence,1Cj2vqUwlJVG27gJrun92y,Disturbed,2015,83,rock,0.28,0.28,6,-9.367,0,0.0281,0.468,1.10E-06,0.102,0.164,85.794,248467,4,199,89.75,?,?,777308,50621,329296,,
Somewhere On A Beach,6zDaopn1sO8WUDTNdV8EdT,Dierks Bentley,2016,78,?,0.642,0.642,7,-6.396,1,0.0277,0.000699,0,0.0801,0.468,144.019,199893,4,252,106.67,-0.001616162,0.551464646,298832,6257,25389,,
30 For 30 Freestyle,1DmnEYXa4WfbdhAPwNzgD8,Drake,2015,67,?,0.612,0.612,4,-9.151,0,0.434,0.654,0,0.124,0.284,91.47,253935,4,723,87.72,?,?,5801308,26493,104198,,
I Hate U I Love U,?,gnash Featuring Olivia O'Brien,2016,?,?,?,?,?,?,?,?,?,?,?,?,?,?,?,589,98.21,-0.152678571,0.641286946,97847,517,2300,,
Youth,1cOyWWUr3oXJIxY0AjJEx9,Troye Sivan,2015,86,pop,0.743,0.743,7,-4.398,1,0.0422,0.0667,0,0.0822,0.585,91.51,185194,4,302,99.23,?,?,1021219,91930,640593,,
Hotline Bling,1OAYKfE0YdrN7C1yLWaLJo,Drake,2015,80,Hip-Hop,0.62,0.62,2,-8.124,1,0.0595,0.00343,0.000249,0.0504,0.526,134.969,267067,4,426,98.21,-0.010351233,0.590239784,5801308,255739,2184946,,
Ride,2Z8WuEywRWYTKe1NybPQEW,twenty one pilots,2015,91,indie,0.713,0.713,6,-5.355,1,0.0393,0.00835,0,0.113,0.58,74.989,214507,4,392,98.21,0.142825312,0.279656863,1744454,94860,657231,,
Lean & Dabb,4vS8VaBwJJV5Ry7UFIQuoo,iLoveMemphis,?,83,?,0.809,0.809,7,-3.081,0,0.0625,0.00346,0.00123,0.565,0.271,98.007,176561,4,?,?,?,?,45416,?,?,,
Middle,?,DJ Snake Featuring Bipolar Sunshine,2015,?,electronic,?,?,?,?,?,?,?,?,?,?,?,?,?,204,96.18,?,?,499521,92414,455190,,
Pray You Catch Me,?,Beyonce,2016,?,?,?,?,?,?,?,?,?,?,?,?,?,?,?,175,98.21,?,?,4506739,?,?,,
Locked Away,?,R. City Featuring Adam Levine,?,?,pop,?,?,?,?,?,?,?,?,?,?,?,?,?,?,?,?,?,56418,0,0,,
A.M.,3NLnwwAQbbFKcEcV8hDItk,One Direction,2015,80,?,0.823,0.823,2,-5.231,1,0.0762,0.0598,0,0.119,0.4,99.933,230333,4,?,?,?,?,5145099,17476,142738,,
Powerful,?,Major Lazer Featuring Ellie Goulding & Tarrus Riley,2015,?,pop,?,?,?,?,?,?,?,?,?,?,?,?,?,311,100.24,0.325,0.607407407,1125670,16757,64388,,
Pillowtalk,0IKK48xF4eEdfofyaeKWWO,Zayn,2016,92,pop,0.702,0.702,11,-4.271,1,0.0496,0.104,0,0.089,0.41,124.909,203686,4,435,89.75,0.018962759,0.528876068,850911,133308,1286972,,
History,0HMjXBAZmSYOTTi33WpMso,One Direction,2015,83,pop,0.699,0.699,11,-4.421,1,0.0493,0.0352,0,0.064,0.801,86.704,187427,4,379,96.18,?,?,5145099,50502,389515,,
Again,53Y0kdCa1CZ9gRqEuknfwy,Fetty Wap,2015,91,Hip-Hop,0.869,0.869,0,-3.697,1,0.0789,0.0525,0.00719,0.103,0.603,108.061,193333,4,682,104.64,-0.199944444,0.627111111,1379635,53549,219731,,
Used To Love You,7dhB1xznh2bbCWrFjCSH5x,Gwen Stefani,2015,64,pop,0.658,0.658,8,-5.398,1,0.085,0.0201,1.27E-06,0.408,0.203,94.678,227680,4,421,98.21,0.245714286,0.525714286,413652,36547,255253,,
All I Ask,7atMzvqi0RZk6zVJGxLhWa,Adele,2015,0,?,0.158,0.158,4,-18.262,1,0.0421,0.933,0.839,0.319,0.285,121.889,229403,4,314,98.21,?,?,4714806,41490,333623,,
Rich $ex,2onCHFrhTinyUc6OawwU4Z,Future,?,67,?,0.482,0.482,6,-11.202,0,0.168,0.148,6.88E-06,0.135,0.0924,111.896,240160,4,701,105.66,0.218390805,0.625,1158228,18035,80335,,
Head Over Boots,1R9FxlRkvKtt36dtTHs93X,Jon Pardi,2016,76,country,0.669,0.669,7,-4.608,1,0.0237,0.0919,0,0.103,0.645,108.078,205120,4,281,103.63,0.332627866,0.470017637,30581,3518,14540,,
Little Red Corvette,4reRa9oggVNyZjkceS7LaH,Prince,1983,31,pop,0.0764,0.0764,1,-19.628,1,0.13,0.965,0.911,0.089,0.967,122.952,133013,4,478,89.75,?,?,758817,290700,1085087,,
Down In The DM,1LxKKYsJNPeBdOwdudsJzv,Yo Gotti,2016,81,?,0.662,0.662,1,-7.016,0,0.0489,0.00157,2.10E-05,0.0887,0.329,152.927,182733,4,433,114.45,-0.168343816,0.421802935,247948,23191,78623,,
You Should Be Here,38gZVjeaeR3gcnCzziAxBm,Cole Swindell,2016,69,?,0.746,0.746,11,-4.228,1,0.0329,0.0972,0,0.102,0.314,139.788,226307,4,331,93.14,?,?,77343,4969,23634,,
Great Is Thy Faithfulness,0wIXZ4dPhQn1GYQBSC1Pkh,Jordan Smith,2015,37,?,0.379,0.379,7,-6.29,1,0.0292,0.919,9.15E-05,0.191,0.328,83.828,214147,3,125,88.74,0.461157025,0.61446281,18566,50,184,,
FML,6PmBnKrQuT4guboE9mNQIe,Kanye West,2016,77,rnb,0.428,0.428,9,-7.12,0,0.0798,0.316,0,0.212,0.148,125.079,236120,4,314,99.23,-0.023484848,0.571969697,3387213,60112,368673,,
Break On Me.,3W5GXbS3ugsYjx1X0xBNbL,Keith Urban,2015,72,?,0.764,0.764,8,-6.757,1,0.0314,0.38,0.000154,0.112,0.447,86.996,209253,4,?,?,?,?,452710,132,1071,,
THat Part,?,ScHoolboy Q Featuring Kanye West,?,?,Hip-Hop,?,?,?,?,?,?,?,?,?,?,?,?,?,681,98.21,0.118012798,0.479880624,650751,8351,23069,,
Girls Just Want To Have Fun,62gFelpaDV9TPR4AybUfjK,Madi Davis,?,33,?,0.223,0.223,2,-6.772,0,0.0361,0.924,0,0.223,0.398,130.352,170573,3,302,97.2,0.303603896,0.311785714,2204,209,558,,
Ophelia,3qhobDAfBcVoOWZP8Ck8R2,The Lumineers,2016,77,?,0.573,0.573,5,-6.519,1,0.0277,0.613,0.000363,0.0857,0.573,76.023,160097,4,193,88.06,?,?,1038886,76885,306435,,
Gonna Know We Were Here,0OAsUPA8qPzP0Qmo5iMr54,Jason Aldean,2014,69,country,0.903,0.903,9,-5.512,1,0.181,0.0374,0,0.891,0.552,173.924,224026,4,361,97.2,-0.024634503,0.572295322,896948,7257,33117,,
Space Oddity,72Z17vmmeQKAg8bptWvpVG,David Bowie,1969,64,classic rock,0.443,0.443,0,-12.621,1,0.0346,0.0748,0.000138,0.177,0.429,139.539,318813,4,237,89.75,?,?,1340564,665299,3988644,,
Cut It,?,O.T. Genasis Featuring Young Dolph,?,?,?,?,?,?,?,?,?,?,?,?,?,?,?,?,?,?,?,?,73647,58,181,,
Fire & Desire,4bEGp4AapA0B3Q5PpnSq3K,Drake,?,77,?,0.255,0.255,1,-14.394,0,0.0851,0.0797,0,0.0869,0.252,80.001,238120,4,?,?,?,?,5801312,?,?,,
Into You,2meEiZKWkiN28gITzFwQo5,Ariana Grande,2016,80,pop,0.728,0.728,9,-5.871,1,0.0999,0.0153,1.46E-06,0.154,0.384,107.986,244453,4,510,88.74,-0.056144689,0.489304029,3836836,37844,563179,,
Water Under The Bridge,11dIDYdr0ybfrDx8d01U8y,Adele,2015,12,Disco,0.328,0.328,0,-19.538,0,0.0375,0.89,0.909,0.118,0.59,97.026,207935,4,386,104.64,0.073419913,0.544761905,4714806,45987,377092,,
Climb Every Mountain,6GtMaEfcLyzwfglzSlqzyX,Jordan Smith,2015,35,?,0.493,0.493,6,-5.356,1,0.0287,0.415,5.15E-05,0.147,0.34,100.921,190440,4,106,75.88,0.1525,0.46,18566,58,246,,
Walking On A Dream,0mBkoM8r7KAQzZij5swTUL,Empire Of The Sun,2007,72,electronic,0.699,0.699,5,-5.541,0,0.0459,0.245,6.76E-06,0.0588,0.725,126.967,198440,4,290,88.74,?,?,449762,744789,6124235,,
Light It Up,?,Major Lazer Featuring Nyla & Fuse ODG,2015,?,?,?,?,?,?,?,?,?,?,?,?,?,?,?,332,96.18,?,?,1125680,2665,12743,,
Sugar,2iuZJX9X9P0GKaE93xcPjk,Maroon 5,2015,79,pop,0.768,0.768,1,-7.089,1,0.0346,0.052,0,0.0848,0.885,120.084,235493,4,443,90.77,0.080850074,0.51203497,6755221,301285,2460923,,
With You,?,Drake Featuring PARTYNEXTDOOR,?,?,?,?,?,?,?,?,?,?,?,?,?,?,?,?,220,97.2,0.006825397,0.577103175,5801312,17892,44868,,
Grammys,?,Drake Featuring Future,?,?,?,?,?,?,?,?,?,?,?,?,?,?,?,?,633,107.69,0.110310078,0.440908084,5801312,16612,39049,,
Good To Be Alive (Hallelujah),1fMEUGs5CvRv0VrcJlQITt,Andy Grammer,2014,64,?,0.882,0.882,5,-3.646,1,0.0451,0.0377,0,0.65,0.702,120.017,189870,4,397,85.69,0.393377976,0.579613095,196409,4130,22334,,
Humble And Kind,3Rkk851fZjIsglV2jbBPDd,Tim McGraw,2015,75,?,0.486,0.486,11,-7.232,1,0.0289,0.693,1.73E-06,0.122,0.162,101.053,257360,3,249,98.21,?,?,473483,6041,22736,,
The Fix,?,Nelly Featuring Jeremih,2015,?,?,?,?,?,?,?,?,?,?,?,?,?,?,?,353,98.21,-0.060361552,0.582848325,437029,15712,50457,,
Where Are U Now,66hayvUbTotekKU3H4ta1f,Skrillex & Diplo With Justin Bieber,?,87,?,0.781,0.781,4,-4.038,0,0.0567,0.041,4.21E-06,0.0789,0.191,139.432,250286,4,327,105.66,0.185858586,0.516161616,4235720,?,?,,
Confession,6IFPfV8PNSYOmufzQ95hmm,Florida Georgia Line,2014,77,?,0.873,0.873,1,-5.056,1,0.0348,0.101,0.000131,0.176,0.457,104.986,190640,4,281,97.2,?,?,522668,8955,46326,,
R.I.C.O.,?,Meek Mill Featuring Drake,?,?,?,?,?,?,?,?,?,?,?,?,?,?,?,?,?,?,?,?,587764,555,2100,,
Runnin' (Lose It All),?,Naughty Boy Featuring Beyonce & Arrow Benjamin,2015,?,?,?,?,?,?,?,?,?,?,?,?,?,?,?,225,82.31,0.07,0.45,127841,47060,283638,,
When We Were Young,7A2eDNBgJrEVE87C8pOMqN,Adele,2016,79,soul,0.594,0.594,3,-5.97,1,0.0486,0.348,0,0.0925,0.275,143.86,290907,4,396,90.77,?,?,4714806,115283,789865,,
Say It,610BVUQMZpmt3eROWX9ZC1,Tory Lanez,2015,79,soul,0.521,0.521,11,-10.125,0,0.0551,0.0874,2.99E-06,0.21,0.274,107.299,236893,4,617,104.64,0.078258145,0.334398496,170707,30139,132920,,
Sandcastles,1xXEZboBMUgaS1a6R0yvnh,Beyonce,2016,20,?,0.068,0.068,10,-17.874,1,0.34,0.995,0.939,0.117,0.168,74.901,178445,1,173,87.72,?,?,4506740,?,?,,
Hands To Myself,1LoriJC05IrHIDwj3q0KC1,Selena Gomez,2016,83,pop,0.504,0.504,5,-7.218,0,0.0979,0.0165,5.25E-06,0.335,0.488,111.014,200680,4,333,98.21,?,?,2212522,115575,1052105,,
Moolah,746PsZ5jTdqIJ6LgJAHcEZ,Young Greatness,2015,79,?,0.568,0.568,4,-5.737,1,0.201,0.0261,0,0.3,0.243,64.049,204027,4,487,95.17,0.110714286,0.448809524,7931,7793,22842,,
Hello Friday,?,Flo Rida Featuring Jason Derulo,2016,?,?,?,?,?,?,?,?,?,?,?,?,?,?,?,520,88.74,?,?,3834348,455,1104,,
Cheap Thrills,?,Sia Featuring Sean Paul,2016,?,pop,?,?,?,?,?,?,?,?,?,?,?,?,?,393,107.69,?,?,2023543,149857,1127045,,
I'd Just Love To Lay You Down,31mfhAKOC4q1qSUl8YqiIh,Barrett Baber,2015,33,?,0.548,0.548,7,-6.438,1,0.0292,0.424,1.06E-05,0.0945,0.44,151.924,194813,4,365,98.55,0.215392416,0.498324515,1905,14,25,,
I Would Die 4 U,6HHEoDvXsJE9OfWP8zuACO,Prince And The Revolution,1985,17,pop,0.523,0.523,2,-11.63,1,0.0321,0.0106,2.37E-06,0.178,0.121,137.267,152109,4,211,106.67,0.07,0.65,?,70627,250469,,
Used To Love You Sober,6V3wTb4VVDWRw3YEDgc6Py,Kane Brown,2016,67,?,0.674,0.674,1,-6.053,1,0.0282,0.0405,0,0.339,0.425,147.978,181680,4,196,97.2,0.091304348,0.602173913,51607,1611,6725,,
Gold,6ZSO7kPn8IMJFymyticbJO,Kiiara,2015,91,electronic,0.412,0.412,8,-9.343,1,0.344,0.615,0.0025,0.134,0.409,113.049,225882,5,310,99.23,0.130769231,0.6,74906,93771,433824,,
I Love This Life,2CIw1JCKA6exk5Mod3QJhA,LoCash,2015,65,?,0.921,0.921,2,-3.051,1,0.052,0.0151,3.09E-06,0.129,0.588,111.99,210867,4,335,96.18,0.369724959,0.540845649,9869,5923,30322,,
Promise,?,Kid Ink Featuring Fetty Wap,?,?,?,?,?,?,?,?,?,?,?,?,?,?,?,?,534,98.21,0.285772358,0.545121951,763883,18862,60173,,
All Night,5DgLNORET0teNMHtRvRSFr,Beyonce,?,10,?,0.716,0.716,5,-5.109,1,0.0463,0.0517,0.00035,0.145,0.811,116.044,252612,4,462,97.2,?,?,4506740,?,?,,
Infinity,6N5xh0tYYLTQRiCCaNbAUt,One Direction,2015,70,?,0.705,0.705,4,-6.073,1,0.0337,0.0687,0,0.0842,0.295,131.965,249480,4,330,89.75,0.22037037,0.515740741,5145099,39698,312616,,
Ain't Your Mama,2hgzdQdnfWwtdpZbhZlV72,Jennifer Lopez,2016,88,pop,0.678,0.678,8,-5.529,0,0.233,0.0472,9.14E-06,0.0654,0.815,120.075,218235,4,438,105.66,0.176086957,0.547826087,1161595,26494,151817,,
Came Here To Forget,1N7qGCKRRnvjoy8MGyHgpS,Blake Shelton,2016,54,?,0.667,0.667,1,-6.874,0,0.029,0.356,1.29E-05,0.111,0.49,130.023,220413,4,341,88.74,?,?,1041686,5419,19986,,
Let's Go Crazy,0VtHhIPb2AaJypAXoMFmH1,Prince And The Revolution,1984,22,pop,0.587,0.587,11,-11.906,1,0.0339,0.00441,0.0146,0.273,0.533,98.026,278047,4,330,90.77,-0.080744949,0.537103175,?,117053,402724,,
Untitled 07 l 2014 - 2016,?,Kendrick Lamar,?,?,?,?,?,?,?,?,?,?,?,?,?,?,?,?,?,?,?,?,2460994,7837,34940,,
30 for 30 Freestyle,1DmnEYXa4WfbdhAPwNzgD8,Drake,2015,67,?,0.612,0.612,4,-9.151,0,0.434,0.654,0,0.124,0.284,91.47,253935,4,723,87.72,?,?,5801313,26493,104198,,
Drifting,?,G-Eazy Featuring Chris Brown & Tory Lanez,?,?,?,?,?,?,?,?,?,?,?,?,?,?,?,?,609,98.21,0.032415825,0.552407407,1074080,16966,57313,,
We Don't Talk Anymore,?,Charlie Puth Featuring Selena Gomez,?,?,?,?,?,?,?,?,?,?,?,?,?,?,?,?,505,88.74,?,?,559310,546,2568,,
Kiss It Better,7bmqcI1HQwx1PWwYyZO0lg,Rihanna,2016,76,pop,0.812,0.812,3,-4.758,0,0.0483,0.273,0,0.0734,0.869,95.093,253080,4,526,97.2,?,?,6877026,74581,762523,,
No,3ge54HUrk1ht3EX5SMhIzZ,Meghan Trainor,2016,86,pop,0.802,0.802,1,-3.599,0,0.27,0.0125,1.45E-06,0.702,0.649,88.615,213507,4,617,106.67,?,?,1374639,72904,518935,,
Stressed Out,3CRDbSIZ4r5MsZ0YwxuEkn,twenty one pilots,2016,96,indie,0.637,0.637,4,-5.677,0,0.141,0.0462,2.29E-05,0.0602,0.638,169.977,202333,4,506,92.12,0.197552637,0.446234258,1744457,209595,1807264,,
Purpose,50kpGaPAhYJ3sGmk6vplg0,Justin Bieber,2015,87,?,0.376,0.376,4,-9.954,1,0.453,0.856,0,0.285,0.559,102.541,233720,4,332,88.74,0.253947368,0.483333333,5696912,56209,215073,,
Lose My Mind,0dwudL6pM7zLO7MSUxMUYd,Brett Eldredge,2015,64,?,0.755,0.755,6,-5.509,0,0.029,0.0206,0,0.21,0.837,101.048,155440,4,234,95.17,0.045197802,0.511736264,84206,12191,57036,,
Worth It,?,Fifth Harmony Featuring Kid Ink,2015,?,pop,?,?,?,?,?,?,?,?,?,?,?,?,?,632,106.67,?,?,1230354,156894,954923,,
Tennessee Whiskey,3fqwjXwUGN6vbzIwvyFMhx,Chris Stapleton,2015,77,?,0.369,0.369,9,-10.916,1,0.0317,0.17,0.00618,0.0808,0.443,101.624,293293,4,169,86.71,0.321014493,0.533695652,205125,23141,87403,,
Something In The Way You Move,3ZCDG0nujwGfxrEmZlZoEt,Ellie Goulding,2015,73,pop,0.819,0.819,1,-6.118,0,0.0476,0.0419,0,0.114,0.313,108.985,227423,4,457,98.21,0.046666667,0.53,2728534,80220,492755,,
Wherever I Go,0KdwmtG44yIDpyie4b0jCn,OneRepublic,2016,80,pop,0.703,0.703,10,-6.414,0,0.0439,0.105,0,0.21,0.319,100.006,170213,4,291,85.69,0.079401154,0.499062049,1883752,23457,83222,,
Go Ahead And Break My Heart,?,Blake Shelton Featuring Gwen Stefani,?,?,?,?,?,?,?,?,?,?,?,?,?,?,?,?,351,105.66,0.079316272,0.358435192,1041686,42,197,,
God Only Knows,26BvbgWisvyequ09r52TDA,Jordan Smith & Adam Levine,?,36,?,0.573,0.573,6,-3.628,0,0.03,0.434,0,0.109,0.583,117.942,168560,4,?,?,?,?,18566,?,?,,
Post To Be,?,Omarion Featuring Chris Brown & Jhene Aiko,?,?,?,?,?,?,?,?,?,?,?,?,?,?,?,?,661,105.66,0.076724537,0.531931217,192098,798,6567,,
Redemption,6qGgrhiZ20Qrir3MNGUJq4,Drake,?,76,Hip-Hop,0.315,0.315,0,-8.736,1,0.104,0.607,1.81E-06,0.117,0.335,119.2,333947,4,688,97.2,0.021025546,0.452932788,5801313,29474,95396,,
Hasta El Amanecer,4wFHfY9IILHLNwakPuFogD,Nicky Jam,2016,88,?,0.608,0.608,6,-6.046,0,0.0381,0.283,0,0.0855,0.598,94,197213,4,299,72.83,?,?,733777,15639,62560,,
I'm Comin' Over,6W9W8dSswA8KNegvl3W97V,Chris Young,2015,78,?,0.893,0.893,11,-3.588,1,0.0375,0.000937,0,0.111,0.548,111.959,218947,4,265,90.77,0.163636364,0.363636364,272956,10944,55993,,
Firestone,?,Kygo Featuring Conrad,2015,?,electronic,?,?,?,?,?,?,?,?,?,?,?,?,?,199,92.8,0.425,0.669230769,960995,233206,1623847,,
Children,7sK3nu6yk8urQ44ouEB7Au,Justin Bieber,?,68,?,0.884,0.884,11,-4.67,0,0.338,0.0114,1.16E-06,0.203,0.33,126.977,223333,4,208,91.78,0,0.5,5696912,47309,222308,,
Feel No Ways,12C1XYFQGZYXRYJNbsgDc7,Drake,2016,79,Hip-Hop,0.67,0.67,7,-7.077,1,0.164,0.0331,7.18E-06,0.109,0.223,193.8,240653,4,271,96.18,0.067224556,0.397551354,5801313,35849,147745,,
"Honey, I'm Good.",,Andy Grammer,2015,70,pop,0.796,0.796,9,-6.406,1,0.0576,0.0378,0,0.331,0.597,122.025,199263,4,?,?,?,?,196409,66343,303996,,
Stay A Little Longer,6rqxivjFHp8K0yMiefG56g,Brothers Osborne,2016,75,country,0.882,0.882,6,-5.515,1,0.0294,0.0408,0.241,0.146,0.537,97.006,335267,4,291,88.74,0.234480256,0.456939605,22262,10667,60787,,
Classic Man,?,Jidenna Featuring Roman GianArthur,2015,?,rnb,?,?,?,?,?,?,?,?,?,?,?,?,?,501,98.21,0.126629503,0.498427673,56795,43488,155239,,
Formation,0VCZ8tS4za4kEwJHbMNVnY,Beyonce,2016,37,?,0.683,0.683,10,-6.148,0,0.0654,0.0452,1.74E-05,0.0583,0.63,122.988,387320,4,724,84.68,?,?,4506740,?,?,,
Get Ugly,1dl3vuXJS9anUXE7XnNP75,Jason Derulo,2016,80,?,0.683,0.683,9,-4.829,0,0.12,0.0462,1.32E-06,0.297,0.566,111.066,200492,4,364,82.31,?,?,1914239,0,0,,
Keep The Family Close,0AAyo5bMIVgVxv9DF6XV2B,Drake,2016,76,Hip-Hop,0.565,0.565,9,-7.663,0,0.073,0.137,0,0.381,0.204,76.278,328907,4,461,86.71,0.070864662,0.493964077,5801313,35523,109424,,
Death Of A Bachelor,1BECwm5qkaBwlbfo4kpYx8,Panic! At The Disco,?,77,indie,0.538,0.538,0,-5.527,1,0.059,0.0137,0,0.429,0.385,139.256,203507,4,259,98.21,0.442105263,0.527631579,1491695,29675,216292,,
"Huntin', Fishin' & Lovin' Every Day", Fishin' & Lovin' Every Day,Luke Bryan,?,76,Luke Bryan,0.809,0.809,0,-4.237,1,0.0335,0.141,2.31E-05,0.13,0.433,154.156,278640,?,?,?,?,?,1147103,?,?,,
Close,?,Nick Jonas Featuring Tove Lo,?,?,?,?,?,?,?,?,?,?,?,?,?,?,?,?,380,97.2,-0.19789916,0.740336134,569030,52032,216772,,
Law,?,Yo Gotti Featuring E-40,?,?,?,?,?,?,?,?,?,?,?,?,?,?,?,?,787,103.63,-0.200234856,0.515468092,247948,4755,11866,,
If I Could Fly,5CRVwXGikmqzoRO6q7FeAg,One Direction,?,73,pop,0.245,0.245,5,-9.132,1,0.0262,0.781,0,0.0998,0.3,75.055,230320,4,273,95.17,-0.019134425,0.565414187,5145103,20932,163789,,
Roses,?,The Chainsmokers Featuring ROZES,2016,?,electronic,?,?,?,?,?,?,?,?,?,?,?,?,?,258,98.21,?,?,569981,131780,751581,,
Drag Me Down,70OTIpw8x8UXUsuCHW9i1i,One Direction,2015,76,pop,0.711,0.711,0,-5.576,0,0.0378,0.0997,0,0.0528,0.6,138.098,192107,4,390,89.75,?,?,5145103,138360,1201360,,
Buy Me A Boat,6y35xDJFzpy1FIa6qCMA59,Chris Janson,2015,68,country,0.745,0.745,2,-6.663,1,0.0507,0.319,0,0.11,0.695,154.042,179078,4,308,104.64,0.100883838,0.542992424,18682,10773,52337,,
Something New,?,Zendaya Featuring Chris Brown,2016,?,?,?,?,?,?,?,?,?,?,?,?,?,?,?,358,97.2,0.129924242,0.40217803,342849,12167,32982,,
Jimmy Choo,7s49Um7G06hq2rulrHPsIy,Fetty Wap,2016,78,?,0.646,0.646,11,-5.073,0,0.1,0.112,0,0.104,0.44,132.97,176855,4,323,105.66,0.373383838,0.62729798,1379635,9999,28126,,
Don't Mind,27PmvZoffODNFW2p7ehZTQ,Kent Jones,?,88,pop,0.771,0.771,8,-4.503,1,0.336,0.0235,0,0.063,0.678,158.777,198237,4,502,97.2,?,?,21298,13310,32500,,
Break Up With Him,5ZManJDV3CexO66nRCkdiV,Old Dominion,2015,72,?,0.632,0.632,3,-5.382,1,0.0374,0.0685,0,0.108,0.561,152.035,207733,4,255,103.63,0.15625,0.658333333,37864,12282,58453,,
Fly S**t Only,1ANYHWUz5NqPu2EBALGK9Z,Future,?,70,?,0.733,0.733,2,-6.012,1,0.0313,0.43,2.35E-06,0.351,0.411,109.989,212760,4,?,?,?,?,1158229,845,3587,,
Waves,4HKGV55ULdn3RLaKLsc2Ju,Kanye West,?,81,Hip-Hop,0.572,0.572,10,-4.52,1,0.0389,0.0408,4.32E-06,0.332,0.0523,96.066,181573,4,206,106.67,0.454464286,0.729464286,3387214,66888,404190,,
Sorry,09CtPGIpYB4BrO8qb1RGsF,Justin Bieber,2015,86,pop,0.768,0.768,0,-3.724,0,0.0476,0.0865,0,0.308,0.396,100.209,200787,4,397,95.17,?,?,5696913,227951,2466382,,
How Deep Is Your Love,22mek4IiqubGD9ctzxc69s,Calvin Harris & Disciples,2015,88,?,0.868,0.868,11,-4.373,0,0.0731,0.0389,0.00171,0.388,0.334,122.003,212640,4,?,?,?,?,4553827,0,0,,
Love On The Brain,2aksifNn5ph8igDOkPBA02,Rihanna,2016,72,pop,0.641,0.641,4,-4.815,0,0.0456,0.0848,8.09E-06,0.073,0.385,171.957,224000,3,343,106.67,0.346754386,0.685701754,6877029,54683,455600,,
Writing's On The Wall,1PWnAEQcbwQwK759otUbta,Sam Smith,2015,68,pop,0.302,0.302,5,-8.188,0,0.0304,0.76,6.65E-06,0.0908,0.079,96.456,278987,3,335,98.21,?,?,2551786,76860,433088,,
Untitled 02 l 06.23.2014.,?,Kendrick Lamar,2016,?,?,?,?,?,?,?,?,?,?,?,?,?,?,?,?,?,?,?,2460994,9417,56018,,
RGF Island,1iuljeYz6ZG3GTJOZZkoer,Fetty Wap,2015,73,?,0.764,0.764,0,-5.066,0,0.0423,0.00116,8.19E-06,0.0867,0.503,137.98,173893,4,260,104.64,0.071428571,0.566666667,1379635,25739,104543,,
Hide Away,2hsza71y54ABzmabyNDtM4,Daya,2015,83,?,0.826,0.826,11,-3.672,0,0.0854,0.222,2.29E-06,0.0719,0.474,94.997,192381,4,366,87.72,?,?,110479,79716,361796,,
One Call Away,7soJgKhQTO8hLP2JPRkL5O,Charlie Puth,2016,78,pop,0.613,0.613,1,-5.353,1,0.0344,0.403,0,0.115,0.479,91.024,194453,4,233,89.75,0.056770833,0.884895833,559310,77403,393176,,
Nothing But Trouble (Instagram Models),7rdjfrTBMNt3KaaGvSv3YG,Lil Wayne & Charlie Puth,?,73,?,0.691,0.691,6,-5.665,0,0.0324,0.0172,1.68E-05,0.194,0.24,126.002,217984,4,?,?,?,?,2620094,?,?,,
Home,0uZzdkuzJEjFzaRR2HQ5mj,One Direction,2012,68,?,0.867,0.867,9,-5.397,1,0.0859,0.0115,0,0.0851,0.625,78.814,194907,4,246,89.75,0.138478261,0.476376812,5145103,9455,126023,,
WTF (Where They From),?,Missy Elliott Featuring Pharrell Williams,2015,?,?,?,?,?,?,?,?,?,?,?,?,?,?,?,615,98.21,?,?,299242,815,5104,,
Stand By You,3kSXn1osC89W8JcPLozTzs,Rachel Platten,2016,75,pop,0.897,0.897,9,-4.632,1,0.26,0.146,0.000451,0.0868,0.517,188.03,219000,4,455,95.17,?,?,148348,31752,167127,,
Live From The Gutter,2uTG00P1DkhB97pdITkl2O,Drake & Future,?,72,?,0.493,0.493,4,-8.447,0,0.256,0.0319,1.83E-06,0.0804,0.288,83.008,211643,4,?,?,?,?,5801315,?,?,,
Famous,3KDmFRW19NHtxIeDnxdFBc,Kanye West,2016,83,rap,0.745,0.745,6,-3.671,1,0.115,0.064,0,0.116,0.409,174.017,196040,4,520,106.67,?,?,3387214,100413,603392,,
No Role Modelz,62vpWI1CHwFy7tMIcSStl8,J. Cole,2014,85,Hip-Hop,0.521,0.521,10,-8.465,0,0.332,0.302,0,0.0565,0.471,100,292987,4,?,?,?,?,1580581,87064,534384,,
Burning House,2zhk0kypGeOPsaaZcjyc14,Cam,2015,74,country,0.253,0.253,0,-8.427,1,0.0304,0.887,1.11E-05,0.133,0.455,140.923,231333,4,261,99.23,-0.029910714,0.505580357,36621,35010,114100,,
Lights Come On,596ShP1KQsIzk7dTpJNXJi,Jason Aldean,2016,75,?,0.855,0.855,6,-3.715,0,0.0727,0.0594,0,0.123,0.908,160.113,194253,4,394,79.26,0.003556999,0.35015873,896948,3264,10127,,
1999,5yMp0quAWTb2lSEvWbAtqj,Prince,1984,31,funk,0.0862,0.0862,5,-17.092,1,0.133,0.292,0.617,0.0912,0.647,119.075,168333,4,523,79.26,?,?,758817,272679,972327,,
Out Of The Woods,3P0OaRxvTJk1oWo7CAr4LN,Taylor Swift,2014,31,pop,0.826,0.826,1,-7.094,1,0.0395,0.078,0.487,0.103,0.607,91.995,207011,4,682,106.67,?,?,4381340,91882,1764244,,
Sorry,4k8Kq3yLE7I7umYfN08YCU,Beyonce,?,33,rnb,0.11,0.11,11,-17.493,0,0.0482,0.942,0.00106,0.1,0.177,129.935,179435,4,431,98.21,?,?,4506740,37866,391753,,
On My Mind,4nS1sut0R2mgmFitKIShVe,Ellie Goulding,2015,76,pop,0.687,0.687,2,-6.574,0,0.0537,0.279,5.11E-06,0.0861,0.733,154.921,213445,4,555,103.63,?,?,2728534,168298,1305391,,
Shut Up And Dance,4kbj5MwxO1bq9wjT5g9HaA,WALK THE MOON,2014,82,pop,0.866,0.866,1,-3.804,1,0.0619,0.00701,0,0.257,0.619,128.038,199080,4,342,106.67,0.015625,0.095907738,501925,289991,2248682,,
Til It Happens To You,0bCCGLHflR08UVA6oJJc8I,Lady Gaga,2015,58,pop,0.558,0.558,0,-4.753,1,0.0347,0.501,0,0.093,0.148,113.666,258093,4,330,115.13,0.327777778,0.431481481,1796132,28233,188384,,
Cheerleader,2XPc8gL9PwxGURQFcFaDJR,OMI,2015,71,reggae,0.663,0.663,4,-6.117,1,0.0305,0.146,1.52E-05,0.174,0.598,118.016,181827,4,280,96.18,0.176915114,0.537784679,272028,54745,322632,,
Never Enough,7rdP71W8x4UbJ0KAKBACbo,One Direction,?,69,?,0.779,0.779,4,-1.829,0,0.0512,0.0379,0,0.385,0.591,164.145,213440,3,401,97.2,0.138095238,0.428571429,5145103,18564,146122,,
Back To Back,5lFDtgWsjRJu8fPOAyJIAK,Drake,2015,81,Hip-Hop,0.472,0.472,8,-3.869,0,0.511,0.00898,0,0.117,0.368,174.008,170638,4,526,96.18,-0.028088235,0.356868192,5801315,64117,345753,,
Summer Sixteen,17Q87zeXgsAi9iQQbMu9v0,Drake,2016,83,Hip-Hop,0.455,0.455,1,-7.698,1,0.393,0.00322,3.72E-05,0.154,0.0568,146.316,202451,4,617,97.2,0.012282625,0.474465349,5801315,50378,225315,,
Purple Rain,6syMtbMAZJnAkOeztOxbsH,Prince And The Revolution,1984,37,pop,0.278,0.278,10,-13.66,1,0.0282,0.0364,0.00221,0.508,0.178,117.959,262693,4,203,89.75,0.112396694,0.850413223,?,205144,785752,,
Watch Out,22DKsoYFV5npPXmnPpXL7i,2 Chainz,2016,77,?,0.509,0.509,8,-6.777,0,0.492,0.842,0,0.0531,0.537,129.924,207813,4,493,100.24,-0.152060932,0.731362007,740598,15941,53397,,
2 Phones,0wdKiSBUT7aZkXUIdJWcwC,Kevin Gates,2016,86,?,0.681,0.681,7,-5.267,0,0.358,0.157,0,0.189,0.547,121.918,240000,4,750,96.18,0.120903479,0.569163861,532806,25241,100626,,
Little Bit Of You,1lNVii0jj5Sa1leKSYWMNl,Chase Bryant,2014,69,?,0.863,0.863,1,-4.258,1,0.0426,0.0582,0,0.0823,0.634,121.963,186240,4,314,104.64,0.011170635,0.492281746,8751,5908,26773,,
With Them,0tISnxqgVmxqhVghsTi2Rr,Young Thug,?,74,rap,0.517,0.517,9,-6.794,1,0.184,0.00218,0,0.091,0.269,132.07,197747,4,694,96.18,-0.114672365,0.582407407,443123,13350,75842,,
Daddy Lessons,?,Beyonce,?,?,?,?,?,?,?,?,?,?,?,?,?,?,?,?,380,99.23,0.114988977,0.468862434,4506740,0,0,,
Love Me,5hRzAbY2AAO258hL6oqsqO,The 1975,2015,66,pop,0.803,0.803,10,-3.312,0,0.0382,0.00925,3.75E-05,0.613,0.899,97.027,222040,4,207,97.2,0.4375,0.604166667,1166423,54770,294208,,
Liquor,2Xm00M3mcMcdSv7QJBhlvr,Chris Brown,2015,65,rnb,0.346,0.346,5,-8.563,0,0.0456,0.0259,0,0.104,0.396,104.988,227087,4,342,105.66,-0.260620301,0.551879699,3212604,14830,69972,,
Thriller,5ChkMS8OtdzJeqyybCc9R5,Michael Jackson,1982,78,pop,0.654,0.654,11,-3.051,0,0.0401,0.0236,0.0158,0.0359,0.856,117.046,293827,4,417,88.74,-0.108849206,0.492301587,2580170,945912,4665275,,
Real Friends,6C4j3qW5h6GjvF5FbcoBvz,Kanye West,2016,75,?,0.752,0.752,6,-6.242,0,0.448,0.262,0.000417,0.138,0.13,80.631,251573,4,561,97.2,0.155812757,0.47659465,3387214,61953,380593,,
All I Want For Christmas Is You,0bYg9bo50gSsH3LtXe2SQn,Mariah Carey,1994,55,pop,0.625,0.625,7,-7.462,1,0.0386,0.164,0,0.0708,0.334,150.277,241107,4,320,98.21,?,?,859319,545279,2473391,,
Record Year,5fSPbm5lcwtqwXkeQQswW8,Eric Church,2015,76,?,0.655,0.655,5,-8.151,1,0.12,0.178,0,0.0842,0.571,159.96,179347,4,258,90.77,-0.014989899,0.357959596,547521,4851,20584,,
Dessert,2mqDi8BzmNw54qrVHduyiu,Dawin,2015,73,electronic,0.791,0.791,6,-3.796,1,0.0504,0.0686,2.21E-06,0.068,0.689,97.001,211240,4,411,82.31,?,?,59068,30897,144086,,
Break Up In A Small Town,7aftSOGSOpSoIlVAQVBb71,Sam Hunt,2014,76,country,0.789,0.789,8,-5.349,1,0.232,0.0713,0,0.229,0.444,136.08,229880,4,538,96.18,?,?,411082,23244,140897,,
Down That Road,3sS03NvxbrVgFNZgvnR26k,Alisan Porter,?,32,?,0.578,0.578,5,-5.527,1,0.0314,0.521,1.04E-06,0.0993,0.377,143.966,232827,4,166,107.69,0.051481481,0.457037037,2452,29,442,,
Dangerous Woman,7l94dyN2hX9c6wWcZQuOGJ,Ariana Grande,2016,79,pop,0.605,0.605,7,-5.353,1,0.0378,0.0499,0,0.357,0.292,134.015,235947,3,380,80.28,?,?,3836841,90037,1215599,,
Ghost Town,44aN5xKL3kGHvQ5bXVk6B8,Adam Lambert,2015,75,pop,0.736,0.736,4,-5.709,0,0.046,0.186,1.92E-05,0.174,0.273,119.955,208330,4,219,107.69,-0.007407407,0.244444444,318096,116885,970569,,
Gonna,57gS5wJqIH6sbtBIIiioNY,Blake Shelton,2014,69,country,0.886,0.886,4,-5.12,1,0.0387,0.0265,0,0.0759,0.946,146.076,182947,4,237,90.77,0.07610119,0.462857143,1041686,10665,46353,,
Watch Me,5RIVoVdkDLEygELLCniZFr,Silento,2016,74,?,0.77,0.77,8,-8.508,1,0.134,0.265,0,0.334,0.964,139.982,185131,4,408,116.15,0.755208333,0.5,149403,4083,21928,,
Been You,6gcA4zzG6FnMEgPSDKbAMs,Justin Bieber,2015,69,pop,0.794,0.794,7,-6.178,0,0.077,0.0255,0,0.322,0.836,113,199227,4,299,97.2,0.000826446,0.54214876,5696916,41736,192023,,
Wasted Time,5BIwPoVMFnFIr8RzJunRvf,Keith Urban,2016,74,?,0.827,0.827,7,-5.736,1,0.0478,0.0717,0,0.0764,0.313,100.002,233813,4,396,97.2,0.087109187,0.276166426,452710,3990,28064,,
Crash And Burn,6bZq9yf23N1xXVmNeyhDsb,Thomas Rhett,2015,67,?,0.785,0.785,5,-5.153,0,0.0311,0.0904,1.31E-06,0.197,0.814,130.02,190747,4,240,99.23,?,?,174847,20563,102069,,
Renegades,0fYVliAYKHuPmECRs1pbRf,X Ambassadors,2015,76,indie,0.868,0.868,11,-5.988,0,0.203,0.0112,0.0685,0.27,0.567,180.261,195199,4,139,75.88,0.193181818,0.538636364,230799,150370,888602,,
Same Old Love,1BZG99C7Co1r6QUC3zaS59,Selena Gomez,2015,77,pop,0.596,0.596,11,-4.005,0,0.031,0.0236,0,0.228,0.444,98.025,229080,4,399,96.18,?,?,2212522,123082,1139056,,
Look At My Dab,20n5AhSbetBMt6Xbrm4fa7,Migos,2015,64,?,0.611,0.611,10,-3.943,1,0.175,0.0568,0,0.47,0.395,137.048,217226,4,728,106.67,0.086111111,0.495299145,378655,2975,9341,,
In The Night,25KybV9BOUlvcnv7nN3Pyo,The Weeknd,2015,75,electronic,0.683,0.683,7,-4.989,1,0.134,0.0794,0,0.0465,0.526,167.615,235653,3,347,87.72,?,?,3280452,114910,614170,,
Hype,07GilNHSfS5oicUgHgU7VG,Drake,1995,82,Hip-Hop,0.62,0.62,7,-8.278,1,0.195,0.0226,0,0.365,0.258,129.959,209413,4,483,99.23,-0.006480279,0.51292769,5801316,37399,138506,,
Nobody To Blame,4WRRCuJYRq7gUKiupxVH9W,Chris Stapleton,2015,70,?,0.673,0.673,9,-9.459,1,0.0337,0.013,0.0583,0.0973,0.598,87.099,244147,4,230,99.23,0.006776557,0.442673993,205125,10962,39853,,
Wild Things,2ZyuwVvV6Z3XJaXIFbspeE,Alessia Cara,2016,87,?,0.627,0.627,1,-4.816,0,0.0894,0.0183,0,0.0909,0.714,108.016,188493,4,418,93.14,?,?,427038,67583,298739,,
Loving You Easy,69XcvSymPaTke2Qb6f3W6P,Zac Brown Band,2015,70,country,0.593,0.593,1,-3.953,1,0.0269,0.017,1.42E-06,0.067,0.329,98.982,155653,4,174,88.74,0.249811762,0.537779813,664985,17554,75787,,
Black Magic,33NHr7lu7tCMjK05jUj1v0,Little Mix,2015,75,pop,0.898,0.898,4,-4.461,1,0.0581,0.0322,0,0.313,0.856,111.996,211787,4,471,99.23,0.064220926,0.571250405,1029248,90854,851756,,
That Don't Sound Like You,2l1fWY1albInvAG9t8WP2p,Lee Brice,2014,73,?,0.589,0.589,4,-9.496,1,0.0421,0.0236,2.99E-05,0.0798,0.249,129.813,210573,4,271,97.2,0.272395833,0.443923611,226191,8434,36743,,
Irresistible,3Y3gChJoEUTqrtuqJCIPQk,Fall Out Boy,2015,71,rock,0.897,0.897,2,-4.492,1,0.07,0.048,0,0.196,0.335,164.908,205851,4,466,97.2,?,?,2062663,96829,677916,,
Might Be,7KLB6Jptw9wyQXkSLiO8qh,DJ Luke Nasty,2016,73,?,0.782,0.782,9,-6.766,0,0.458,0.378,0,0.114,0.699,74.037,210704,4,1,?,0,0,3708,3928,10224,,
Sorry,?,Rick Ross Featuring Chris Brown,2015,?,?,?,?,?,?,?,?,?,?,?,?,?,?,?,549,86.71,-0.016638373,0.56961138,707449,11031,32511,,
Freedom,?,Beyonce Featuring Kendrick Lamar,?,?,soul,?,?,?,?,?,?,?,?,?,?,?,?,?,469,90.77,?,?,4506740,4004,28705,,
Let It Go,13HVjjWUZFaWilh2QUJKsP,James Bay,2015,82,indie,0.293,0.293,1,-10.253,1,0.0313,0.804,1.26E-05,0.107,0.252,147.175,260533,4,300,98.21,?,?,735658,179002,1051609,,
What Do You Mean?,4B0JvthVoAAuygILe3n4Bs,Justin Bieber,2015,83,pop,0.571,0.571,5,-8.273,0,0.0922,0.61,0.000898,0.0849,0.802,125.034,205680,4,?,?,?,?,5696916,237154,2283124,,
Really Really,10I3CmmwT0BkOVhduDy53o,Kevin Gates,2016,81,?,0.666,0.666,0,-6.055,1,0.0916,0.00427,0,0.127,0.273,118.97,232093,4,607,90.77,0.112323232,0.399754967,532806,12653,51231,,
Digits,4cg1yakyRSIOjxKM2I7J1q,Young Thug,2016,81,?,0.632,0.632,10,-4.228,0,0.0537,0.0325,0,0.116,0.291,131.932,176387,4,505,95.17,-0.042857143,0.375595238,443123,15839,74741,,
When Doves Cry,77GLApi9hqJKMYEe8QybtA,Prince,1984,32,funk,0.102,0.102,9,-19.069,0,0.161,0.0958,0.78,0.302,0.643,126.979,143267,4,353,89.75,?,?,758817,340903,1379494,,
Plastic Bag,76kyKtPLsFbQkdQ86QrkF4,Drake & Future,?,70,?,0.471,0.471,1,-6.586,1,0.321,0.0107,0,0.154,0.362,170.986,202085,3,?,?,?,?,5801317,?,?,,
We Went,4kYlMWhSOvrg4U6c0RqgEP,Randy Houser,2016,66,?,0.882,0.882,4,-3.752,0,0.0389,0.0892,0,0.317,0.538,101.972,181987,4,319,93.14,?,?,63043,5749,28987,,
Prisoner,?,The Weeknd Featuring Lana Del Rey,?,?,?,?,?,?,?,?,?,?,?,?,?,?,?,?,256,95.17,-0.148484848,0.65530303,3280452,47383,219317,,
Like I Would,0WEVf4RhIrcr3S3ULBrt0T,Zayn,2016,87,pop,0.832,0.832,10,-5.732,0,0.114,0.0247,0,0.26,0.232,112.827,192133,4,420,99.23,0.294957983,0.517997199,850916,60994,358130,,
Blase,?,Ty Dolla $ign Featuring Future & Rae Sremmurd,?,?,?,?,?,?,?,?,?,?,?,?,?,?,?,?,?,?,?,?,315551,70,589,,
Earned It (Fifty Shades Of Grey),2PIvq1pGrUjY007X5y1UpM,The Weeknd,2015,76,pop,0.371,0.371,2,-5.959,0,0.0306,0.404,0,0.0971,0.449,119.95,252227,3,298,89.75,0.243323864,0.6515625,3280452,73211,372888,,
Light It Up,?,Major Lazer Featuring Nyla,2015,?,?,?,?,?,?,?,?,?,?,?,?,?,?,?,332,96.18,?,?,1125680,2665,12743,,
Controlla,4CpKEkdGbOJV51cSvx7SoG,Drake,2016,86,Hip-Hop,0.477,0.477,10,-11.062,0,0.276,0.0962,0,0.114,0.339,93.44,245227,4,545,98.21,?,?,5801317,42463,172830,,
Go Flex,3e7pB02vXiqVYaDTymYY1t,Post Malone,2016,80,?,0.511,0.511,5,-8.229,1,0.105,0.209,0,0.0525,0.126,81.946,182000,4,461,105.66,-0.281601732,0.628787879,194069,8751,36133,,
Church Bells,67citk3uzWs5qbaIVKTeg8,Carrie Underwood,2015,76,country,0.844,0.844,3,-1.772,0,0.0633,0.226,0,0.0538,0.534,87.007,193333,4,318,88.74,0.055709877,0.351419753,750999,6020,40220,,
Uber Everywhere,7zBPzAjKAqQpcv8F8GCq5s,MadeinTYO,2016,85,Hip-Hop,0.455,0.455,1,-15.025,1,0.28,0.0542,0,0.177,0.176,140.181,153429,4,292,96.18,-0.219607843,0.628921569,16663,13586,44245,,
Change Locations,4gowy3WT6D1yhMLgRBlf9C,Drake & Future,?,70,?,0.338,0.338,0,-10.112,1,0.384,0.0224,1.05E-06,0.118,0.19,137.848,220862,4,?,?,?,?,5801317,?,?,,
100,?,The Game Featuring Drake,2015,?,?,?,?,?,?,?,?,?,?,?,?,?,?,?,1146,97.2,?,?,592347,1147,6287,,
My Boo,4i90nIw2MouaJjTyaSgfYG,Ghost Town DJ's,2016,15,rnb,0.996,0.996,6,-8.218,0,0.0769,0.01,0.000305,0.0878,0.427,139.987,281313,4,491,104.64,?,?,?,19898,92494,,
Jingle Bell Rock,74u8cWJGP8d8xsdD0pFoWg,Bobby Helms,1992,34,oldies,0.368,0.368,2,-10.538,1,0.0345,0.84,0,0.0632,0.782,118.743,130107,4,180,89.75,0.454285714,0.574285714,5746,332922,892872,,
Body,?,Dreezy Featuring Jeremih,?,?,electronic,?,?,?,?,?,?,?,?,?,?,?,?,?,681,97.2,?,?,15765,8340,20430,,
Bang My Head,?,David Guetta Featuring Sia & Fetty Wap,2015,?,?,?,?,?,?,?,?,?,?,?,?,?,?,?,323,106.67,0.165242424,0.523666667,7638378,3599,19109,,
Gotta Lotta,?,2 Chainz Featuring Lil Wayne,?,?,?,?,?,?,?,?,?,?,?,?,?,?,?,?,393,81.29,-0.024625,0.702541667,740598,7916,20876,,
Weston Road Flows,0P7HlSwSY8mJCWIk4yunb0,Drake,2016,77,Hip-Hop,0.742,0.742,1,-6.963,1,0.296,0.0763,0,0.31,0.36,82.884,253533,4,756,86.71,0.096474687,0.447904822,5801317,31515,110707,,
Ginza,4rrkKXxlsrze8bVEzRaTFV,J Balvin,2016,75,?,0.814,0.814,10,-6.475,0,0.0806,0.218,0.000436,0.0781,0.839,102.052,170186,4,260,48.47,?,?,636692,41781,221418,,
Childs Play,0k9RIzZtAo4DTQu0ZM6lNZ,Drake,?,80,Hip-Hop,0.47,0.47,1,-11.173,1,0.15,0.0163,4.75E-06,0.199,0.299,80.016,241400,4,560,97.2,0.014138344,0.566394953,5801317,27404,105646,,
Don't,3pXF1nA74528Edde4of9CC,Bryson Tiller,2015,85,soul,0.356,0.356,11,-5.556,0,0.196,0.222,0,0.0963,0.191,97.001,198293,4,362,98.21,0.044866947,0.546029412,583994,56726,297677,,
Blackstar,3Vn9oCZbdI1EMO7jxdz2Rc,David Bowie,2016,64,jazz,0.695,0.695,9,-6.896,0,0.029,0.0466,0.145,0.0854,0.506,129.972,382387,4,398,96.18,0.185714286,0.512987013,1340564,125011,455171,,
My Church,69guyOwpeKji5OY8wMdsDI,Maren Morris,2015,76,country,0.726,0.726,9,-4.332,1,0.0361,0.254,3.01E-06,0.106,0.659,76.981,197947,4,288,90.77,?,?,19893,10222,37061,,
She's Kinda Hot,5fsQSDifYpjfbCqvZKPVBj,5 Seconds Of Summer,2015,62,pop,0.9,0.9,4,-4.856,1,0.0317,0.00216,0,0.111,0.882,118.04,216454,4,313,97.2,-0.113108766,0.47267316,1874878,37200,255097,,
Be Alright,6f5TuB9WtbA1g49A4DcMQ4,Ariana Grande,2016,74,pop,0.464,0.464,1,-7.767,0,0.0599,0.158,0,0.124,0.626,108.817,179293,4,211,90.77,0.047619048,0.505952381,3836842,43648,421322,,
Still Here,4YJmZfvlheSziXem8HBWrj,Drake,?,80,Hip-Hop,0.436,0.436,0,-9.602,1,0.176,0.0235,0,0.635,0.241,133.942,189853,3,408,102.61,0.027604167,0.494270833,5801317,29737,111835,,
From The Ground Up,0AdjJ2SaOeb5bPJ67nDbsW,Dan + Shay,2016,76,?,0.586,0.586,9,-5.431,1,0.0262,0.356,0,0.121,0.287,101.214,254293,4,381,106.67,0.228629032,0.577419355,72637,1,1,,
Backroad Song,5ix3mPn7JFsKTVoidu6dBw,Granger Smith,2016,75,?,0.833,0.833,11,-6.571,1,0.0437,0.0352,0.0172,0.34,0.73,174.006,236787,4,319,87.72,0.108549784,0.501515152,32377,6414,30061,,
All Eyes On You,?,Meek Mill Featuring Chris Brown & Nicki Minaj,?,?,?,?,?,?,?,?,?,?,?,?,?,?,?,?,426,106.67,0.082922078,0.62474026,587765,747,3171,,
Pt. 2,0tCuyg1OikbQ4nIq36n26D,Kanye West,?,80,?,0.734,0.734,11,-4.139,1,0.362,0.593,0,0.788,0.287,144.926,130293,4,?,?,?,?,3387214,70172,435238,,
Downtown,5pfJsMwoRYKampPay8amX0,"Macklemore & Ryan Lewis Featuring Eric Nally, Melle Mel, Kool Moe Dee & Grandmaster Caz",2015,80,?,0.609,0.609,1,-4.402,1,0.0694,0.0916,1.21E-06,0.291,0.724,109.725,0.724,4,?,?,?,?,1642223,0,0,,
Lean On,4vS8VaBwJJV5Ry7UFIQuoo,Major Lazer & DJ Snake Featuring M0,2015,83,?,0.809,0.809,7,-3.081,0,0.0625,0.00346,0.00123,0.565,0.271,98.007,176561,4,240,107.69,?,?,1125680,?,?,,
Somebody To Love,3RWzLyBUqoBSX4jTAHo4TP,Jordan Smith,?,44,?,0.853,0.853,8,-3.95,1,0.0481,0.106,0,0.168,0.385,111.019,216213,3,269,81.29,0.080009921,0.472222222,18566,101,300,,
Right Hand,3lSR267IJfT54p0Gfuw7mi,Drake,2015,76,Hip-Hop,0.292,0.292,2,-7.74,1,0.289,0.0978,0,0.0816,0.339,100.54,190595,4,275,98.21,0.025689223,0.427443609,5801317,36477,161990,,
Hold Each Other,?,A Great Big World Featuring FUTURISTIC,2015,?,?,?,?,?,?,?,?,?,?,?,?,?,?,?,432,97.2,0.094837379,0.418292873,182030,16768,73349,,
Whisper,6EdSZmWCQJfO8T66x9VCID,Chase Rice,2016,71,?,0.891,0.891,2,-4.89,1,0.0757,0.0138,0,0.063,0.643,128.108,191213,4,326,97.2,-0.090302579,0.609350198,87826,2888,8459,,
Wicked,6BbINUfGabVyiNFJpQXn3x,Future,?,83,?,0.679,0.679,11,-5.899,0,0.0706,0.00191,0.0104,0.385,0.215,157.97,173347,4,346,81.29,-0.107142857,0.439285714,1158229,9295,27645,,
Cool For The Summer,2zFF6jG5hQArbzcXz3KUWk,Demi Lovato,2015,73,pop,0.614,0.614,5,-5.587,0,0.0363,0.00506,9.70E-05,0.0802,0.293,114.075,214740,4,316,100.24,0.07881746,0.545206349,2217670,133305,1684075,,
Blessings,2VQc9orzwE6a5qFfy54P6e,Chance The Rapper,?,71,?,0.343,0.343,10,-7.641,1,0.38,0.723,5.48E-06,0.102,0.388,72.348,221940,4,539,88.74,0.14375,0.442045455,476656,19534,95522,,
The Feeling,?,Justin Bieber Featuring Halsey,?,?,?,?,?,?,?,?,?,?,?,?,?,?,?,?,342,98.21,0.239215686,0.61372549,5696922,57795,271442,,
Hallelujah,3LLYIitFpZSmXY95rQxw0E,Jordan Smith,?,43,?,0.369,0.369,2,-6.784,1,0.0272,0.816,0,0.123,0.138,89.822,189093,3,254,63.36,0.028364528,0.519607843,18566,56,201,,
I Took A Pill In Ibiza,1MtUq6Wp1eQ8PC6BbPCj8P,Mike Posner,2016,89,pop,0.725,0.725,7,-6.588,0,0.12,0.034,9.17E-06,0.0864,0.697,101.96,197933,4,440,96.18,?,?,297624,22454,144583,,
Alive,05cXQMJcrM9msUYu11mOrs,Sia,2015,73,pop,0.752,0.752,6,-4.91,0,0.056,0.289,0.000101,0.102,0.398,98.88,263893,4,392,97.2,0.091428571,0.470714286,2023544,108596,773185,,
Already Callin' You Mine,57SvK3tVLtYTk076o9qwAV,Parmalee,2013,61,?,0.889,0.889,1,-2.642,1,0.0352,0.0431,0,0.112,0.675,120.066,184387,4,254,88.74,-0.032233045,0.404879149,24641,5486,27100,,
Messin' Around,?,Pitbull Featuring Enrique Iglesias,2016,?,?,?,?,?,?,?,?,?,?,?,?,?,?,?,584,105.66,0.105852363,0.511651144,2954664,10405,23686,,
Bottom Of The Bottle,?,Curren$Y Featuring August Alsina & Lil Wayne,?,?,?,?,?,?,?,?,?,?,?,?,?,?,?,?,681,95.17,?,?,129789,89,394,,
Random,422lAAWQO9TqL1LxIPdhOn,G-Eazy,2015,74,Hip-Hop,0.783,0.783,9,-6.891,1,0.139,0.0036,0,0.216,0.181,87.026,180333,4,426,97.2,0.023412698,0.595079365,1074080,16130,70397,,
Bake Sale,?,Wiz Khalifa Featuring Travi$ Scott,2016,?,?,?,?,?,?,?,?,?,?,?,?,?,?,?,521,98.21,0.022342472,0.488556698,3103495,134,452,,
Temporary Fix,2Xcvt8NRLw0xbB3ClfW8MI,One Direction,2015,69,?,0.902,0.902,4,-5.143,1,0.0449,9.17E-05,0,0.0888,0.961,145.914,175013,4,335,98.21,0.356593407,0.628388278,5145103,15564,147724,,
Halo,7DThz7qoNx3WWQJgEipP7W,Jordan Smith,2015,42,?,0.443,0.443,6,-5.939,1,0.0281,0.879,2.28E-05,0.133,0.171,147.607,228240,4,268,82.31,0.154444444,0.488888889,18566,59,319,,
Let Me See Ya Girl,3y1t2sEahs8idFz2tiYNPO,Cole Swindell,2014,70,country,0.834,0.834,6,-3.561,1,0.0281,0.254,0,0.393,0.455,92.99,187587,4,334,96.18,0.162202381,0.480952381,77343,11543,61991,,
Panda,275a9yzwGB6ncAW4SxY7q3,Desiigner,2016,95,Hip-Hop,0.748,0.748,10,-5.522,0,0.393,0.0235,0,0.369,0.245,145.22,247867,4,658,90.77,?,?,77283,79203,358912,,
Uptown Funk!,?,Mark Ronson Featuring Bruno Mars,2015,?,?,?,?,?,?,?,?,?,?,?,?,?,?,?,570,99.23,?,?,307521,878,3672,,
Smoke Break,46W2wkCzFerbeQbNz3EIaa,Carrie Underwood,2015,66,country,0.839,0.839,11,-3.702,1,0.0511,0.0513,0,0.348,0.561,160.16,198333,4,291,97.2,0.116056878,0.500166667,750999,14590,90767,,
See You Again,4JZ9NUioOgDEVjDuBGukRV,Wiz Khalifa Featuring Charlie Puth,?,29,?,0.638,0.638,10,-7.831,1,0.0592,0.445,1.96E-05,0.0925,0.429,80.001,264000,4,490,96.18,?,?,3103495,8650,71457,,
Come Get Her,1Ser4X0TKttOvo8bgdytTP,Rae Sremmurd,2015,77,Hip-Hop,0.563,0.563,2,-6.214,1,0.163,0.184,0,0.0681,0.11,185.056,212947,4,435,87.72,?,?,613627,38313,172430,,
Save It For A Rainy Day,6wfTb2he5ANMQSFnlamnyi,Kenny Chesney,2014,68,?,0.775,0.775,7,-5.48,1,0.0291,0.0053,0,0.0807,0.607,154.889,182213,4,327,98.21,0.173131313,0.595808081,547061,9194,36955,,
Beautiful Drug,0vcfOQOvTCv8ckiRs8Xc1Z,Zac Brown Band,2015,70,?,0.857,0.857,8,-5.267,0,0.0877,0.0424,2.00E-06,0.128,0.365,125.838,191600,4,221,99.23,0.137830688,0.585185185,664985,10153,47058,,
Jersey,2ACys0pX0SjmpQmQWzp7wt,Future,?,71,?,0.544,0.544,0,-10.746,0,0.269,0.495,0.000419,0.0942,0.307,146.033,188703,4,600,98.21,0.006724722,0.496117562,1158229,25852,109035,,
Antidote,0KaA33vmmUEY77YD6L3KFi,Travi$ Scott,2015,78,?,0.647,0.647,1,-4.008,1,0.0345,0.119,1.38E-05,0.121,0.159,131.04,263817,4,580,107.69,-0.007881773,0.486945813,321277,60118,380599,,
Remedy,7kH8BoXL2bRioVky7DZfJ8,Adele,2015,15,?,0.0907,0.0907,8,-21.402,1,0.0453,0.987,0.857,0.121,0.183,145.1,245943,3,199,105.66,-0.036996337,0.674542125,4714810,45088,306585,,
Wake Up,6BOtDFg6GJm0rPUDuNmx57,Fetty Wap,?,79,?,0.673,0.673,5,-5.992,1,0.176,0.172,0,0.223,0.521,179.971,224000,4,508,97.2,0.083222222,0.487703704,1379635,7898,17294,,
Burning House,4hgrcrkcaHtsdKU35RZyn6,Emily Ann Roberts,2015,38,?,0.312,0.312,2,-5.751,1,0.028,0.811,0,0.122,0.443,141.819,186853,4,237,95.17,-0.068877551,0.525255102,1677,94,1160,,
Jumpman,27GmP9AWRs744SzKcpJsTZ,Drake & Future,?,87,?,0.547,0.547,1,-7.535,1,0.194,0.0565,0,0.341,0.677,142.065,205879,4,?,?,?,?,5801317,0,0,,
American Country Love Song,3eGH1kOyOjq19khdfYg5R7,Jake Owen,2016,77,?,0.892,0.892,8,-4.59,1,0.0411,0.0725,0,0.0997,0.353,104.009,200640,4,192,96.18,0.091666667,0.34,263125,3534,11714,,
Come And See Me,?,PARTYNEXTDOOR Featuring Drake,?,?,?,?,?,?,?,?,?,?,?,?,?,?,?,?,?,?,?,?,341697,260,1659,,
Under Pressure,11IzgLRXV7Cgek3tEgGgjw,Queen & David Bowie,1986,68,?,0.707,0.707,2,-7.643,1,0.0516,0.398,0,0.105,0.468,113.741,248440,4,246,83.32,0.323703704,0.50962963,2423032,?,?,,
The Fighter,?,Keith Urban Featuring Carrie Underwood,?,?,?,?,?,?,?,?,?,?,?,?,?,?,?,?,386,96.18,0.417708333,0.708333333,452710,2168,5404,,
Hell Of A Night,30wEpY339lJXMEP7gDTypY,Dustin Lynch,2014,66,?,0.797,0.797,2,-4.845,1,0.0402,0.00472,0,0.297,0.591,85.054,190427,4,304,93.14,-0.05786465,0.571394251,96794,8239,44946,,
Forward,?,Beyonce Featuring James Blake,?,?,?,?,?,?,?,?,?,?,?,?,?,?,?,?,103,85.69,?,?,4506745,?,?,,
House Party,1TwLKNsCnhi1HxbIi4bAW0,Sam Hunt,2014,75,country,0.854,0.854,8,-5.245,1,0.0503,0.129,0,0.0262,0.841,103.952,190240,4,336,86.71,?,?,411081,39481,187505,,
You Don't Own Me,?,Grace Featuring G-Eazy,2016,?,pop,?,?,?,?,?,?,?,?,?,?,?,?,?,358,106.67,0.32297138,0.724907407,822233,43192,174562,,
Like I'm Gonna Lose You,?,Meghan Trainor Featuring John Legend,?,?,pop,?,?,?,?,?,?,?,?,?,?,?,?,?,290,80.28,0.392307692,0.530769231,1374643,86243,368768,,
My Way,?,Fetty Wap Featuring Monty,?,?,Hip-Hop,?,?,?,?,?,?,?,?,?,?,?,?,?,455,105.66,?,?,1379637,2189,12755,,
U With Me?,4MSjMv3kpbLEeyGfIh52qH,Drake,2016,77,Hip-Hop,0.414,0.414,6,-11.448,0,0.132,0.363,1.10E-05,0.141,0.134,79.542,297373,4,?,?,?,?,5801317,33619,119291,,
Photograph,1HNkqx9Ahdgi1Ixy2xkKkL,Ed Sheeran,2015,88,pop,0.379,0.379,4,-10.48,1,0.0476,0.607,0.000464,0.0986,0.198,107.989,258987,4,313,88.74,0.191269841,0.653968254,5938364,286739,2234348,,
Want To Want Me,7oGZAicScQt96OAW4AruYy,Jason Derulo,2015,84,pop,0.68,0.68,0,-5.508,0,0.0629,0.00906,0,0.109,0.636,114.025,207719,4,384,113.1,0.002511111,0.257488889,1914239,0,0,,
I'm The Plug,6bqtKURdSWkInAJHDkuaL0,Drake & Future,?,72,?,0.527,0.527,0,-9.279,1,0.252,0.000416,0.000893,0.131,0.242,160.1,180000,4,?,?,?,?,5801317,?,?,,
Hold My Hand,1i1rNVtxbE7rdFfpHuNq2j,Jess Glynne,2015,77,pop,0.823,0.823,0,-5.717,1,0.0289,0.00159,0,0.0776,0.441,122.977,227344,4,353,96.18,0.186363636,0.559090909,294618,138224,846973,,
Kick The Dust Up,7wVeIwUxcUddK44joZ3bPO,Luke Bryan,2015,71,?,0.85,0.85,1,-2.263,1,0.0497,0.2,0,0.114,0.795,172.106,190600,4,322,108.7,0.164944444,0.310888889,1147103,15527,74397,,
Feedback,1JeXMBdxduaLpQnMxN6ezS,Kanye West,?,74,?,0.563,0.563,1,-6.027,1,0.526,0.602,0,0.104,0.17,100.071,147240,4,391,98.21,0.152902018,0.484583333,3387214,73237,428417,,
H.O.L.Y.,19PJf5HzeiVW0mdk82Swmn,Florida Georgia Line,2016,82,country,0.661,0.661,7,-3.828,0,0.0333,0.361,0,0.087,0.56,78.132,196960,4,?,?,?,?,522671,5739,15255,,
The Hills,7fBv7CLKzipRk6EC6TWHOB,The Weeknd,2015,78,electronic,0.561,0.561,0,-6.987,0,0.0699,0.0635,0,0.137,0.123,113.295,242253,4,475,96.18,?,?,3280457,237146,2000002,,
Wildest Dreams,6UHn5UWGlvbbmUfczWSmDX,Taylor Swift,2015,65,pop,0.56,0.56,8,-6.858,1,0.0406,0.396,1.37E-06,0.121,0.489,139.979,231845,4,364,97.2,?,?,4381343,96767,1524426,,
Good For You,?,Selena Gomez Featuring A$AP Rocky,2015,?,pop,?,?,?,?,?,?,?,?,?,?,?,?,?,471,105.66,?,?,2212527,151961,1207912,,
Raspberry Beret,5v8efbhgUkxwMtv9IJredo,Prince And The Revolution,1985,16,pop,0.542,0.542,11,-13.575,0,0.0533,0.0239,0.00565,0.0297,0.961,121.787,216712,4,362,97.2,0.378267974,0.512418301,?,90646,303825,,
This Could Be Us,4jTiyLlOJVJj3mCr7yfPQD,Rae Sremmurd,2015,76,Hip-Hop,0.692,0.692,5,-5.06,0,0.148,0.275,0,0.118,0.732,142.992,206307,4,534,102.61,-0.113899782,0.41422658,613627,56323,250969,,
Can't Feel My Face,22VdIZQfgXJea34mQxlt81,The Weeknd,2015,77,rnb,0.783,0.783,9,-5.407,0,0.0423,0.109,0,0.0947,0.617,107.972,213520,4,472,100.58,?,?,3280457,321460,2800265,,
Ultralight Beam,6aEgrTRLSRQ0FIrvOwcOE6,Kanye West,?,78,rap,0.398,0.398,8,-8.731,1,0.431,0.624,0,0.539,0.35,105.956,320680,4,875,99.23,0.186915836,0.56768457,3387214,74508,440402,,
Mary Did You Know,0Mfbc7b4veAMEiWOffph5q,Jordan Smith,?,37,?,0.415,0.415,6,-4.961,0,0.0261,0.771,0,0.127,0.454,103.029,199760,4,139,107.69,-0.187752525,0.576430976,18566,73,251,,
Team,2bocAPQcUTLUXx8lAOTiK3,Iggy Azalea,2016,77,rap,0.682,0.682,9,-4.834,1,0.067,0.0508,1.23E-06,0.501,0.218,100.023,209467,4,414,99.23,0.004128015,0.705426716,1514206,33659,309228,,
Sorry Not Sorry,16bHRxM89ue0TiCKARYbRp,Bryson Tiller,2015,79,?,0.608,0.608,1,-6.093,1,0.214,0.0477,0,0.225,0.265,97.933,200760,4,571,96.18,-0.036516332,0.624287551,583994,18274,88949,,
Kiss,3GLCOm8bTTSZL6JkG6nK00,Prince And The Revolution,1986,23,funk,0.484,0.484,4,-11.951,0,0.08,0.167,0.00417,0.0538,0.79,110.388,230150,4,276,99.23,0.211309524,0.511111111,?,159110,511531,,
It's You,1dB3Hsi3LfViWtqE8Sj8pr,Zayn,2016,70,pop,0.336,0.336,5,-10.839,1,0.0345,0.807,0.0272,0.108,0.151,124.945,230481,4,211,108.7,-0.1,0.833333333,850917,31396,169085,,
True Colors,71qR03VPn762lG8esdRmkR,Zedd & Kesha,2015,71,electronic,0.792,0.792,2,-3.226,0,0.0365,0.35,1.31E-05,0.104,0.456,126.06,224867,4,157,97.2,0.203968254,0.581746032,901548,0,0,,
Me Too,1m4dXbkplvaOO4Wbdjbwxs,Meghan Trainor,2016,80,pop,0.694,0.694,11,-5.849,0,0.1,0.0963,1.21E-06,0.479,0.825,123.822,181240,4,304,107.69,-0.095454545,0.536363636,1374643,16695,104742,,
Gonna Wanna Tonight,0JCjhCdqvVQ8am5x689TL0,Chase Rice,2014,67,country,0.783,0.783,2,-6.667,1,0.0405,0.0707,0.00014,0.0875,0.606,125.948,213736,4,359,86.71,-0.004015873,0.325206349,87826,7190,36325,,
Scholarships,0B5OTb36fzLayn6XQHg5A1,Drake & Future,?,72,?,0.422,0.422,0,-9.184,0,0.355,0.0958,8.41E-06,0.102,0.278,108.937,209288,4,?,?,?,?,5801317,?,?,,
Thinking Out Loud,34gCuhDGsG4bRPIf9bb02f,Ed Sheeran,2014,87,soul,0.445,0.445,2,-6.061,1,0.0295,0.474,0,0.184,0.584,78.998,281560,4,320,96.18,0.304727891,0.585986395,5938364,399300,3718386,,
New Level,?,A$AP Ferg Featuring Future,?,?,?,?,?,?,?,?,?,?,?,?,?,?,?,?,864,105.66,?,?,287454,18123,63484,,
Digital Dash,0GR7iJLhj80KD5LkA14ZRn,Drake & Future,?,72,?,0.542,0.542,2,-7.676,1,0.13,0.00323,3.30E-06,0.235,0.31,140.028,231231,4,?,?,?,?,5801317,?,?,,
Comfortable,2BqQQXuBOuhaWeUP7okEx0,K Camp,2015,71,?,0.417,0.417,7,-8.895,0,0.0974,0.72,0,0.125,0.623,109.956,211573,4,494,96.18,0.220919437,0.533235999,214704,13318,46119,,
Lay It All On Me,?,Rudimental Featuring Ed Sheeran,2015,?,pop,?,?,?,?,?,?,?,?,?,?,?,?,?,440,106.67,?,?,527245,2688,14865,,
Faded,1brwdYwjltrJo7WHpIvbYt,Alan Walker,2015,97,electronic,0.651,0.651,6,-5.097,1,0.0306,0.0291,3.20E-06,0.111,0.161,90.011,212627,4,173,83.32,0.052380952,0.671428571,200700,131714,1000400,,
If It Ain't Love,5YHR8wBR5jXfGtP766NiAT,Jason Derulo,2016,92,?,0.843,0.843,10,-4.991,0,0.316,0.0487,0,0.344,0.774,128.63,203105,4,434,107.69,0.345809387,0.540613027,1914240,0,0,,
All The Way Up,61QSuw5VlC0LTS8WMO356g,Fat Joe & Remy Ma Featuring French Montana & Infared,?,84,?,0.721,0.721,10,-6.44,0,0.386,0.062,0,0.824,0.388,117.139,191942,5,?,?,?,?,87815,0,0,,
Dark Times,?,The Weeknd Featuring Ed Sheeran,?,?,?,?,?,?,?,?,?,?,?,?,?,?,?,?,326,96.18,0.0405564,0.484380277,3280457,70000,267349,,
Top Of The World,4pdoeoOQSu6DNznlfNc5FP,Tim McGraw,2015,66,?,0.795,0.795,8,-5.608,1,0.0391,0.296,0,0.489,0.961,141.208,233973,4,422,96.18,0.391419861,0.503310105,473483,7996,33763,,
Piece By Piece,2NELtMgQ8HSdrGrYQPLnC3,Kelly Clarkson,2015,68,pop,0.808,0.808,1,-6.728,1,0.0408,0.000953,1.53E-06,0.0918,0.598,106.029,257747,4,343,88.74,?,?,1160011,21249,165043,,
Real Life,5NUvj4WX2tAQGxOF4CWJ7I,Jake Owen,2015,64,?,0.749,0.749,1,-5.383,0,0.0257,0.00195,0,0.0956,0.78,108.004,169827,4,237,106.67,0.126181006,0.443482143,263125,12917,44974,,
Anything Goes,6IFPfV8PNSYOmufzQ95hmm,Florida Georgia Line,2014,77,country,0.873,0.873,1,-5.056,1,0.0348,0.101,0.000131,0.176,0.457,104.986,190640,4,414,88.74,-0.081791383,0.629478458,522672,13902,77950,,
Just Like Fire,7K5dzhGda2vRTaAWYI3hrb,P!nk,2016,86,?,0.701,0.701,7,-5.921,1,0.146,0.0114,0,0.108,0.488,162.958,215414,4,?,?,?,?,1682178,1774,17685,,
My House,6Knv6wdA0luoMUuuoYi2i1,Flo Rida,2015,94,Hip-Hop,0.702,0.702,7,-4.792,0,0.0499,0.0215,0,0.128,0.731,94.006,192191,4,382,89.75,?,?,3834348,103373,511049,,
Send My Love (To Your New Lover),3LGxef3inmn5jMLGDz9lqw,Adele,2016,80,pop,0.524,0.524,6,-8.39,0,0.103,0.0415,3.16E-06,0.17,0.561,164.023,223080,4,394,98.21,0.218984488,0.510073954,4714810,66372,472390,,
I Know What You Did Last Summer,1tIUfYWKAeMEeQqL6venu0,Shawn Mendes & Camila Cabello,2015,75,?,0.754,0.754,9,-4.537,0,0.103,0.119,0,0.138,0.737,114.037,223853,4,?,?,?,?,1430027,0,0,,
I Like The Sound Of That,5S5rw0WLVCAux5B5bWCehK,Rascal Flatts,2014,77,?,0.813,0.813,0,-5.599,1,0.0368,0.275,0,0.205,0.54,89.964,209280,4,421,97.2,0.20210944,0.424331662,488336,9517,35449,,
"I Don't Like It, I Love It", I Love It,Flo Rida Featuring Robin Thicke & Verdine White,2015,Flo Rida Featuring Robin Thicke & Verdine White,?,?,Flo Rida Featuring Robin Thicke & Verdine White,?,?,?,?,?,?,?,?,?,?,?,Flo Rida Featuring Robin Thicke & Verdine White,461,97.2,0.16829806,3834348,1601,8042,,
Cake By The Ocean,42ftjU4cTN5UTRksyqBKZJ,DNCE,2016,88,pop,0.76,0.76,4,-5.459,0,0.0514,0.147,0,0.053,0.891,119,218440,4,418,86.71,?,?,210755,131217,865540,,
Get Used To Me,?,Justin Bieber,2015,?,?,?,?,?,?,?,?,?,?,?,?,?,?,?,421,96.18,0.300139791,0.565859488,5696923,4764,25619,,
Might Not,?,Belly Featuring The Weeknd,?,?,Hip-Hop,?,?,?,?,?,?,?,?,?,?,?,?,?,554,97.2,-0.089760101,0.516540404,10593,13665,47387,,
One Dance,?,Drake Featuring WizKid & Kyla,2016,?,Hip-Hop,?,?,?,?,?,?,?,?,?,?,?,?,?,314,89.75,?,?,5801321,104362,588252,,
Diamonds Dancing,2AGottAzfC8bHzF7kEJ3Wa,Drake & Future,?,74,?,0.366,0.366,1,-10.828,1,0.0469,0.157,3.54E-05,0.111,0.185,136.14,314632,4,?,?,?,?,5801321,?,?,,
Never Be Like You,?,Flume Featuring Kai,2016,?,electronic,?,?,?,?,?,?,?,?,?,?,?,?,?,384,90.77,?,?,677506,39239,169949,,
Drunk On Your Love,1jNNHFZmRGXZFHlil5uhei,Brett Eldredge,2015,76,country,0.831,0.831,11,-5.606,1,0.0616,0.414,0,0.204,0.57,182.064,173960,4,286,94.15,?,?,84206,7925,34257,,
9,4uCAKqQQYJaIvyzq4sZkaO,Drake,2009,79,Hip-Hop,0.71,0.71,2,-7.381,1,0.0437,0.000907,0.000783,0.237,0.0387,99.994,255787,4,487,95.17,0.004892567,0.47369338,5801321,36175,123168,,
Lazarus,3Vn9oCZbdI1EMO7jxdz2Rc,David Bowie,2015,64,rock,0.695,0.695,9,-6.896,0,0.029,0.0466,0.145,0.0854,0.506,129.972,382387,4,160,99.23,?,?,1340568,134750,541335,,
Cecilia And The Satellite,1MSM3Fo2fvnwVqMcz8Jhjq,Andrew McMahon In The Wilderness,2014,66,?,0.842,0.842,0,-7.119,1,0.137,0.0116,0,0.328,0.23,194.048,223880,4,262,99.23,0.141769547,0.520576132,47851,56770,268672,,
Sugar,?,Robin Schulz Featuring Francesco Yates,2015,?,?,?,?,?,?,?,?,?,?,?,?,?,?,?,325,88.74,?,?,471638,6389,34266,,
Focus,1cdzfFjEbUbgTm5nv3FgXR,Ariana Grande,2015,73,pop,0.879,0.879,3,-6.006,0,0.291,0.266,0,0.446,0.806,99.955,211360,4,339,88.74,-0.005128205,0.558974359,3836848,108368,924895,,
Fly,1ewLdzcpSQkU9wpFdqFauw,Maddie & Tae,?,58,?,0.681,0.681,5,-4.092,1,0.0285,0.621,0,0.178,0.256,156.039,217293,4,261,103.63,?,?,55353,0,0,,
Bad Blood,?,Taylor Swift Featuring Kendrick Lamar,2015,?,pop,?,?,?,?,?,?,?,?,?,?,?,?,?,520,96.18,?,?,4381343,95636,1455462,,
Heartbeat,05BgC2247XGi8ySwBzOO0o,Carrie Underwood,2015,71,country,0.766,0.766,1,-4.478,1,0.05,0.606,0,0.0903,0.43,139.999,209920,4,368,82.65,?,?,751000,12378,85678,,
Home Alone Tonight,?,Luke Bryan Featuring Karen Fairchild,?,?,?,?,?,?,?,?,?,?,?,?,?,?,?,?,432,97.2,?,?,1147103,6887,29108,,
Alright,3iVcZ5G6tvkXZkZKlMpIUs,Kendrick Lamar,2015,75,Hip-Hop,0.779,0.779,7,-5.972,1,0.235,0.0734,0,0.0832,0.581,110.037,219333,4,701,97.2,-0.143784422,0.552842262,2460994,176187,1142718,,
Can't Sleep Love,1klGbW5a9qTBFUjFfddbmU,Pentatonix,2015,68,?,0.433,0.433,2,-7.05,1,0.0455,0.0849,0,0.169,0.574,94.596,173053,4,334,98.21,0.187878788,0.684848485,1007795,24748,134632,,
6 Inch,?,Beyonce Featuring The Weeknd,?,?,?,?,?,?,?,?,?,?,?,?,?,?,?,?,429,80.28,?,?,4506746,?,?,,
Unsteady,7lGKEWMXVWWTt3X71Bv44I,X Ambassadors,2015,76,indie,0.673,0.673,9,-6.134,0,0.0469,0.177,0.000316,0.203,0.242,117.02,193546,4,159,82.31,-0.053947368,0.531578947,230800,44721,189737,,
Adventure Of A Lifetime,69uxyAqqPIsUyTO8txoP2M,Coldplay,2015,89,pop,0.924,0.924,7,-3.887,1,0.0359,0.00205,0.000173,0.149,0.515,111.995,263787,4,303,90.77,?,?,5630503,192689,1344103,,
Can't Stop The Feeling!,6JV2JOEocMgcZxYSZelKcc,Justin Timberlake,2016,98,pop,0.83,0.83,0,-5.715,1,0.0749,0.0123,0,0.191,0.716,113.03,236002,4,509,88.74,0.525277778,0.639305556,2119432,3368,27165,,
Hello,0ENSn4fwAbCGeFGVUbXEU3,Adele,2015,84,soul,0.451,0.451,5,-6.095,0,0.0347,0.336,0,0.0872,0.287,157.966,295493,4,356,81.29,?,?,4714810,289908,2909363,,
Stitches,5t4B1kAlCD13YY9poph0Mg,Shawn Mendes,2015,82,pop,0.745,0.745,10,-6.605,0,0.0961,0.0187,0,0.0476,0.745,74.986,206880,4,391,98.21,?,?,1430027,178325,1466718,,
Mind Reader,1N0j6Gw5lmfI7kipAgYcma,Dustin Lynch,2014,76,?,0.8,0.8,4,-4.17,0,0.0413,0.0266,0,0.184,0.532,162.053,185413,4,387,96.18,0.010025253,0.433535354,96794,6863,30648,,
Fight Song,37f4ITSlgPX81ad2EvmVQr,Rachel Platten,2015,79,pop,0.714,0.714,7,-4.987,1,0.129,0.0549,0,0.155,0.328,175.924,204013,4,322,99.23,0.076322751,0.351917989,148348,92373,622230,,
Confident,0Mn3amMRMoabaoTf1Publ4,Demi Lovato,2015,72,pop,0.763,0.763,10,-6.197,0,0.0669,0.00182,0.000159,0.116,0.308,130.018,205746,4,269,99.23,-0.251396825,0.835825397,2217671,87044,737713,,
Dibs,6FWrlXo99QRmPtOeUSWDjv,Kelsea Ballerini,2015,66,country,0.733,0.733,4,-4.7,1,0.052,0.231,0,0.103,0.64,87.999,183947,4,417,98.21,?,?,47935,8199,43534,,
Roses,?,The Chainsmokers Featuring Rozes,2016,?,electronic,?,?,?,?,?,?,?,?,?,?,?,?,?,258,98.21,?,?,569981,131780,751581,,
Olivia,5dONhl6aXFuN86UBdayF6W,One Direction,?,70,?,0.681,0.681,6,-5.362,1,0.0334,0.0438,0,0.166,0.673,118.062,177973,4,288,88.74,0.172272727,0.559285714,5145103,20472,156797,,
Country Nation,4yL5WpJZmoxAV4udhE55VY,Brad Paisley,2014,63,?,0.861,0.861,4,-5.529,1,0.0413,0.0389,0.00047,0.1,0.458,177.94,225413,4,221,81.29,0.083015873,0.234960317,502671,7107,28204,,
Don't Hurt Yourself,?,Beyonce Featuring Jack White,?,?,?,?,?,?,?,?,?,?,?,?,?,?,?,?,399,98.21,?,?,4506746,?,?,,
Back Up,?,DeJ Loaf Featuring Big Sean,?,?,?,?,?,?,?,?,?,?,?,?,?,?,?,?,796,103.63,0.011888674,0.274576362,239772,23616,88767,,
Oui,0PJIbOdMs3bd5AT8liULMQ,Jeremih,2015,86,rnb,0.703,0.703,5,-3.825,1,0.0503,0.192,0,0.113,0.599,119.749,238320,4,410,105.66,0.176086957,0.563285024,515837,38986,160187,,
Should've Been Us,5SUKnxEQaFFeudmI4qYLd9,Tori Kelly,2015,67,?,0.75,0.75,6,-5.488,0,0.117,0.00468,1.30E-05,0.0737,0.464,90.042,186467,4,412,107.69,0.121923868,0.687798354,467289,4253,40264,,
Traveller,3fqwjXwUGN6vbzIwvyFMhx,Chris Stapleton,2016,77,?,0.369,0.369,9,-10.916,1,0.0317,0.17,0.00618,0.0808,0.443,101.624,293293,4,196,88.74,-0.01875,0.653472222,205126,14455,52374,,
Views,12VWzyPDBCc8fqeWCAfNwR,Drake,2016,94,Hip-Hop,0.617,0.617,1,-5.871,1,0.0522,0.00902,0.00246,0.351,0.378,103.981,173987,4,160,98.21,0.140909091,0.45,5801324,24099,72526,,
Needed Me,1Tt4sE4pXi57mTD1GCzsqm,Rihanna,2016,90,Hip-Hop,0.325,0.325,5,-8.083,0,0.251,0.107,0,0.0837,0.274,110.888,191600,4,330,97.2,?,?,6877032,95473,739211,,
Think Of You,6W9W8dSswA8KNegvl3W97V,Chris Young Duet With Cassadee Pope,?,78,?,0.893,0.893,11,-3.588,1,0.0375,0.000937,0,0.111,0.548,111.959,218947,4,?,?,?,?,?,62,199,,
Life Is Worth Living,4yWCzA44dQyp0SoeM81bUb,Justin Bieber,2015,69,?,0.301,0.301,10,-9.217,1,0.0619,0.915,0,0.111,0.471,75.922,234787,4,338,90.77,0.085831286,0.397072072,5696923,43711,170618,,
oui,0PJIbOdMs3bd5AT8liULMQ,Jeremih,2015,86,rnb,0.703,0.703,5,-3.825,1,0.0503,0.192,0,0.113,0.599,119.749,238320,4,410,105.66,0.176086957,0.563285024,515837,38986,160187,,
Nothin' Like You,4W38RXuQNuoTSwVsQA1OGC,Dan + Shay,2014,71,?,0.704,0.704,4,-4.772,1,0.0303,0.151,0,0.067,0.429,84.956,186253,4,337,100.24,0.233370536,0.675297619,72637,23,229,,
Let Me Love You,?,Ariana Grande Featuring Lil Wayne,?,?,pop,?,?,?,?,?,?,?,?,?,?,?,?,?,435,96.18,0.318498575,0.443078872,3836848,23383,152202,,
Low Life,?,Future Featuring The Weeknd,?,?,?,?,?,?,?,?,?,?,?,?,?,?,?,?,704,88.74,-0.007207977,0.402934473,1158230,35118,140161,,
Here,1wYZZtamWTQAoj8B812uKQ,Alessia Cara,2015,78,soul,0.822,0.822,0,-4.029,1,0.167,0.0716,0,0.0694,0.353,123.363,199453,4,466,96.18,0.02952381,0.406357143,427038,152906,957094,,
This Is What You Came For,?,Calvin Harris Featuring Rihanna,2016,?,?,?,?,?,?,?,?,?,?,?,?,?,?,?,260,99.23,0.35,0.55,4553831,72462,322128,,
All The Way Up,61QSuw5VlC0LTS8WMO356g,Fat Joe & Remy Ma Featuring French Montana,?,84,?,0.721,0.721,10,-6.44,0,0.386,0.062,0,0.824,0.388,117.139,191942,5,?,?,?,?,87815,0,0,,
Where Ya At,?,Future Featuring Drake,?,?,?,?,?,?,?,?,?,?,?,?,?,?,?,?,676,104.64,-0.031617647,0.547058824,1158230,41510,180917,,
Mark My Words,2SnNaoNhMjC1WRMTWD8qTX,Justin Bieber,2015,71,?,0.258,0.258,0,-8.489,1,0.0333,0.898,2.06E-06,0.147,0.52,116.599,134347,4,127,99.23,0.128787879,0.75,5696923,63570,257732,,
Die A Happy Man,5kNe7PE09d6Kvw5pAsx23n,Thomas Rhett,2015,80,?,0.383,0.383,2,-9.377,1,0.0304,0.381,0,0.119,0.38,83.096,227427,4,338,95.17,?,?,174848,23700,114690,,
Perfect,3NLnwwAQbbFKcEcV8hDItk,One Direction,2015,80,pop,0.823,0.823,2,-5.231,1,0.0762,0.0598,0,0.119,0.4,99.933,230333,4,420,88.74,0.306457431,0.695019333,5145103,92634,962159,,
Die A Happy Man,1mExCoXAGKI6abLGXoG7O3,Nelly,2015,65,?,0.745,0.745,1,-3.795,0,0.0333,0.0232,0,0.0754,0.179,88.032,214495,4,371,105.66,0.33852657,0.666545894,437029,2724,9624,,
Victorious,6od5hFv9IT5JHc7NEF9HRv,Panic! At The Disco,2016,78,indie,0.865,0.865,8,-4.518,1,0.0472,0.00205,0,0.404,0.699,110.01,178600,4,278,81.29,-0.053125,0.444791667,1491698,56755,378999,,
Hollow,160hN2OsDXnmgExwtG7cvD,Tori Kelly,2015,80,?,0.664,0.664,2,-6.838,0,0.0372,0.0187,0.0049,0.473,0.419,126.085,210606,4,356,97.2,?,?,467289,43511,178700,,
Acquainted,7uJH0YdSZL6psjxI6Xy08b,The Weeknd,2015,74,rnb,0.484,0.484,7,-9.858,0,0.0482,0.461,0,0.0821,0.25,104.593,348853,4,392,88.74,0.091087662,0.675178571,3280457,74427,399282,,
Marvin Gaye,?,Charlie Puth Featuring Meghan Trainor,2015,?,pop,?,?,?,?,?,?,?,?,?,?,?,?,?,346,97.2,?,?,559310,2559,16229,,
Lonesome Broken And Blue,1mx5Q2cmOzUUjEURXbJNOB,Adam Wakefield,?,28,?,0.562,0.562,4,-5.067,1,0.0284,0.6,0.0008,0.316,0.322,136.589,232853,4,165,98.21,0.074382716,0.452160494,292,5,17,,
The Christmas Song (Merry Christmas To You),6NMz3Cjvod2qnJjakiRDA8,Nat King Cole,1991,35,jazz,0.141,0.141,1,-15.439,1,0.0384,0.857,1.13E-06,0.0995,0.19,131.76,191640,4,136,90.77,0.262179487,0.488919414,228587,168457,443627,,
Work From Home,?,Fifth Harmony Featuring Ty Dolla $ign,2016,?,pop,?,?,?,?,?,?,?,?,?,?,?,?,?,464,95.17,?,?,1230358,99092,660295,,
Lost Boy,4h0zU3O9R5xzuTmNO7dNDU,Ruth B,2015,86,pop,0.0565,0.0565,7,-15.099,1,0.0534,0.965,0,0.0889,0.352,123.994,275280,4,426,88.74,0.160689655,0.654827586,99305,39187,145948,,
Hymn For The Weekend,3RiPr603aXAoi4GHyXx0uy,Coldplay,2016,93,pop,0.743,0.743,0,-5.155,0,0.0409,0.255,7.21E-06,0.3,0.376,89.974,258827,4,335,99.23,?,?,5630505,139172,900881,,
Tell Your Friends,1mhVXWduD8ReDwusfaHNwU,The Weeknd,2015,66,rnb,0.459,0.459,1,-11.083,0,0.0442,0.25,0,0.181,0.307,74.541,334333,4,574,97.2,-0.158775253,0.603724747,3280457,77635,401916,,
Work,?,Rihanna Featuring Drake,2016,?,funk,?,?,?,?,?,?,?,?,?,?,?,?,?,608,106.67,?,?,6877032,156613,1196254,,
Planes,?,Jeremih Featuring J. Cole,2014,?,rnb,?,?,?,?,?,?,?,?,?,?,?,?,?,634,104.64,0.013911801,0.60986116,515839,38816,141230,,
$ave Dat Money,?,Lil Dicky Featuring Fetty Wap & Rich Homie Quan,?,?,?,?,?,?,?,?,?,?,?,?,?,?,?,?,949,97.2,-0.088873626,0.501957418,223188,193,1282,,
Uma Thurman,5PUawWFG1oIS2NwEcyHaCr,Fall Out Boy,2015,72,rock,0.956,0.956,4,-2.608,0,0.0753,0.119,0.000227,0.617,0.718,149.958,211573,4,316,97.2,0.094871795,0.187179487,2062663,110103,781657,,
Ex's & Oh's,30KcJZaETkOl3kabw7R7D3,Elle King,2015,79,pop,0.466,0.466,1,-7.388,1,0.146,0.0823,0.00116,0.131,0.0746,140.136,223008,4,369,105.66,0.233800505,0.242714646,164646,0,0,,
New Americana,6Xs7OKt6i0Ddq8B4M5Dgvr,Halsey,2015,73,indie,0.694,0.694,0,-5.066,0,0.0303,0.0118,0,0.34,0.333,86.897,183808,4,209,63.36,0.176359895,0.453325851,909721,114539,863881,,
Flex (Ooh Ooh Ooh),4T0ScSPdQKmGvruK7pavNP,Rich Homie Quan,2015,73,?,0.607,0.607,2,-7.68,1,0.0498,0.0389,0,0.19,0.899,81.997,176744,4,500,96.18,0.020500928,0.455912183,398027,3351,9412,,
Big Rings,7jslhIiELQkgW9IHeYNOWE,Drake & Future,?,80,?,0.676,0.676,8,-6.432,0,0.271,0.00157,0,0.25,0.314,132.002,217707,4,?,?,?,?,5801325,?,?,,
Stick Talk,20fAoPjfYltmd3K3bO7gbt,Future,2015,76,?,0.672,0.672,7,-6.749,1,0.282,0.0265,0,0.244,0.566,159.903,171333,4,495,95.17,-0.039078283,0.435479798,1158230,23515,118987,,
679,?,Fetty Wap Featuring Remy Boyz,2015,?,?,?,?,?,?,?,?,?,?,?,?,?,?,?,494,98.21,?,?,1379638,2114,10919,,
Company,61uyGDPJ06MkxJtHgPmuyO,Justin Bieber,2015,80,pop,0.8,0.8,4,-5.024,0,0.0654,0.147,0,0.0852,0.425,94.985,208120,4,218,88.74,-0.137222222,0.416111111,5696927,82906,443047,,
Father Stretch My Hands Pt. 1,6QO46cJfmFvvCKUgauKOKS,Kanye West,2016,83,Hip-Hop,0.563,0.563,7,-4.406,1,0.052,0.126,0,0.515,0.399,113.121,135920,4,?,?,?,?,3387214,76152,488341,,
Hallelujah,0GhuwiwcAuw3zU5QHCmBiP,Lindsey Stirling,2015,53,?,0.437,0.437,2,-7.44,1,0.0324,0.799,0.0764,0.0885,0.0779,89.538,200000,3,2,?,0,0,634577,2212,6200,,
